id,producto,descripcion,precio
1,Ecolab - Hand Soap Form Antibac,habitasse platea dictumst aliquam augue quam sollicitudin vitae consectetuer eget rutrum at lorem integer tincidunt,$163.38
2,Pasta - Canelloni,faucibus orci luctus et ultrices,$193.61
3,Longos - Grilled Chicken With,cubilia curae mauris viverra diam vitae quam suspendisse potenti,$126.14
4,Bar Mix - Lemon,eros viverra eget congue eget,$113.69
5,Pepperoni Slices,blandit nam nulla integer pede justo lacinia eget tincidunt eget tempus vel pede morbi,$182.52
6,Table Cloth 62x120 Colour,vivamus in felis eu sapien cursus,$127.05
7,Mousse - Banana Chocolate,sapien cursus vestibulum proin eu mi nulla ac enim,$168.76
8,Cheese - Fontina,sed sagittis nam congue risus semper porta volutpat quam pede lobortis ligula sit,$150.58
9,Eel Fresh,nec sem duis aliquam convallis nunc proin at turpis a pede posuere nonummy integer,$114.89
10,Bread - Multigrain Oval,blandit mi in porttitor pede justo eu massa donec dapibus,$195.27
11,"Rum - Light, Captain Morgan",lacinia erat vestibulum sed magna at nunc commodo placerat praesent blandit nam nulla,$47.58
12,Bread - Raisin Walnut Pull,hac habitasse platea dictumst morbi vestibulum,$189.40
13,Juice - Lime,vel pede morbi porttitor lorem id ligula suspendisse ornare consequat,$197.66
14,Coffee - Espresso,iaculis congue vivamus metus arcu adipiscing molestie hendrerit at vulputate vitae nisl aenean lectus pellentesque,$176.68
15,Coffee Cup 8oz 5338cd,in faucibus orci luctus et ultrices posuere cubilia curae donec pharetra magna vestibulum aliquet ultrices,$93.24
16,Plasticknivesblack,amet nulla quisque arcu libero rutrum ac lobortis,$52.01
17,Veal - Liver,praesent lectus vestibulum quam sapien varius,$180.95
18,Cheese - Brick With Pepper,ac tellus semper interdum mauris,$169.78
19,Coconut Milk - Unsweetened,donec ut dolor morbi vel lectus in quam fringilla rhoncus mauris enim leo rhoncus,$165.38
20,Compound - Raspberry,lorem vitae mattis nibh ligula nec sem duis aliquam convallis nunc proin,$92.84
21,"Pail - 4l White, With Handle",cubilia curae mauris viverra diam vitae quam suspendisse potenti nullam porttitor lacus at turpis,$42.48
22,Halibut - Fletches,nulla facilisi cras non velit nec nisi,$32.79
23,Coffee Decaf Colombian,donec pharetra magna vestibulum aliquet ultrices erat tortor sollicitudin mi,$54.71
24,Calypso - Strawberry Lemonade,nunc vestibulum ante ipsum primis in faucibus orci luctus et ultrices posuere,$100.87
25,Pie Shell - 5,semper porta volutpat quam pede lobortis ligula sit amet eleifend pede libero quis orci,$33.49
26,"Squash - Pattypan, Yellow",magnis dis parturient montes nascetur,$178.68
27,Beef - Shank,ultrices posuere cubilia curae mauris viverra diam vitae quam suspendisse potenti nullam porttitor,$5.05
28,Sugar - Icing,et commodo vulputate justo in blandit ultrices,$89.53
29,Ice Cream - Strawberry,commodo placerat praesent blandit nam nulla integer pede justo lacinia eget tincidunt,$177.27
30,Remy Red,turpis sed ante vivamus tortor duis mattis egestas,$132.67
31,"Pork - Bacon, Sliced",odio justo sollicitudin ut suscipit a feugiat et eros vestibulum ac,$121.07
32,Mikes Hard Lemonade,volutpat dui maecenas tristique est et tempus semper est quam pharetra magna,$39.46
33,Muskox - French Rack,posuere cubilia curae donec pharetra magna vestibulum aliquet ultrices erat tortor sollicitudin mi sit,$140.40
34,Momiji Oroshi Chili Sauce,quis orci eget orci vehicula condimentum curabitur in libero ut,$183.17
35,Macaroons - Homestyle Two Bit,porttitor lorem id ligula suspendisse ornare consequat lectus in est risus auctor sed,$32.01
36,Bread - Italian Sesame Poly,dis parturient montes nascetur ridiculus mus etiam vel,$60.27
37,Appetizer - Tarragon Chicken,at nulla suspendisse potenti cras in,$134.96
38,Mushroom - White Button,mus etiam vel augue vestibulum rutrum rutrum neque aenean auctor gravida,$124.20
39,Shopper Bag - S - 4,magnis dis parturient montes nascetur ridiculus mus etiam vel,$175.32
40,Frangelico,imperdiet et commodo vulputate justo in blandit ultrices enim,$95.59
41,"Mop Head - Cotton, 24 Oz",sed sagittis nam congue risus semper,$195.89
42,Ginger - Fresh,ultrices phasellus id sapien in sapien iaculis congue vivamus,$99.80
43,Capicola - Hot,quam pharetra magna ac consequat metus sapien ut nunc vestibulum ante ipsum primis in,$169.88
44,Alize Gold Passion,nullam porttitor lacus at turpis donec posuere metus vitae ipsum aliquam,$163.19
45,Sauce - Demi Glace,ac leo pellentesque ultrices mattis odio donec vitae nisi nam ultrices libero,$142.72
46,Pie Pecan,maecenas tristique est et tempus semper est,$77.50
47,Muffin Hinge - 211n,suscipit ligula in lacus curabitur at ipsum,$69.90
48,Jameson Irish Whiskey,mi nulla ac enim in tempor turpis nec,$47.59
49,Squeeze Bottle,pede ac diam cras pellentesque volutpat,$152.22
50,Island Oasis - Pina Colada,eleifend donec ut dolor morbi,$125.40
51,"Wine - Red, Cabernet Sauvignon",sodales scelerisque mauris sit amet eros suspendisse accumsan tortor quis,$137.93
52,Cheese Cloth No 100,eu massa donec dapibus duis at velit eu est,$42.45
53,Muffin Mix - Raisin Bran,eleifend quam a odio in hac habitasse platea dictumst maecenas,$136.29
54,Vinegar - Sherry,erat fermentum justo nec condimentum neque sapien placerat ante nulla justo,$119.62
55,"Yogurt - Strawberry, 175 Gr",maecenas tincidunt lacus at velit vivamus vel nulla eget eros elementum pellentesque,$140.49
56,Bar Mix - Lime,pretium iaculis justo in hac habitasse platea,$193.00
57,Pie Shells 10,eu interdum eu tincidunt in leo maecenas pulvinar,$167.41
58,Pineapple - Regular,posuere metus vitae ipsum aliquam non mauris morbi non lectus aliquam sit amet diam in,$164.43
59,"Soup - Campbells, Classic Chix",etiam pretium iaculis justo in hac habitasse platea dictumst etiam faucibus cursus urna,$16.70
60,Bread - Rosemary Focaccia,erat eros viverra eget congue eget semper rutrum nulla nunc purus phasellus in,$177.08
61,Sweet Pea Sprouts,vel est donec odio justo sollicitudin ut suscipit,$129.19
62,Calypso - Pineapple Passion,blandit mi in porttitor pede justo eu massa donec,$42.16
63,Sour Puss - Tangerine,vitae consectetuer eget rutrum at,$74.81
64,Sugar - White Packet,at nibh in hac habitasse platea dictumst aliquam augue quam sollicitudin vitae consectetuer eget rutrum,$170.03
65,Milk Powder,dignissim vestibulum vestibulum ante ipsum primis,$31.72
66,Noodles - Steamed Chow Mein,ut ultrices vel augue vestibulum ante ipsum primis in faucibus orci luctus,$179.21
67,Truffle Cups - Red,gravida nisi at nibh in hac habitasse platea dictumst aliquam augue quam sollicitudin vitae consectetuer,$180.93
68,"Mushroom - Chantrelle, Fresh",parturient montes nascetur ridiculus mus etiam vel augue vestibulum,$51.90
69,"Juice - Orange, 341 Ml",condimentum id luctus nec molestie sed justo pellentesque viverra pede,$172.05
70,"Wine - White, Colubia Cresh",integer ac neque duis bibendum morbi non quam nec dui luctus rutrum,$180.55
71,Wine - Vidal Icewine Magnotta,ac diam cras pellentesque volutpat,$118.94
72,Soup - Campbells Chili,est phasellus sit amet erat nulla,$136.54
73,"Bread - Roll, Calabrese",ultrices posuere cubilia curae nulla dapibus dolor vel est donec odio justo sollicitudin ut,$155.21
74,"Turkey - Breast, Boneless Sk On",venenatis tristique fusce congue diam id ornare imperdiet sapien urna pretium nisl ut volutpat,$179.20
75,Calvados - Boulard,lacinia nisi venenatis tristique fusce congue diam,$106.48
76,Berry Brulee,quisque porta volutpat erat quisque erat eros viverra eget congue eget semper rutrum,$60.98
77,Beef - Tenderloin Tails,interdum venenatis turpis enim blandit mi in porttitor pede justo eu massa,$186.41
78,"Pepper - White, Ground",in consequat ut nulla sed accumsan felis ut at dolor quis odio consequat,$149.24
79,Oil - Avocado,libero nam dui proin leo odio porttitor id consequat,$129.31
80,Straw - Regular,nulla nunc purus phasellus in felis,$90.08
81,Truffle - Whole Black Peeled,tempus vel pede morbi porttitor lorem id ligula suspendisse,$64.03
82,Oven Mitts 17 Inch,eu magna vulputate luctus cum sociis natoque penatibus et,$91.90
83,"Chilli Paste, Sambal Oelek",non velit donec diam neque vestibulum eget vulputate ut ultrices,$43.66
84,Mustard Prepared,primis in faucibus orci luctus et ultrices posuere cubilia curae duis faucibus accumsan odio,$97.09
85,Initation Crab Meat,primis in faucibus orci luctus et ultrices posuere cubilia curae,$106.10
86,Contreau,malesuada in imperdiet et commodo vulputate justo in blandit,$141.55
87,Piping - Bags Quizna,amet lobortis sapien sapien non mi integer ac neque duis bibendum morbi non quam nec,$21.17
88,Salmon Steak - Cohoe 8 Oz,vel ipsum praesent blandit lacinia,$129.26
89,Energy Drink,mus etiam vel augue vestibulum rutrum rutrum neque aenean auctor gravida sem praesent id massa,$121.00
90,"Soup - Campbells, Lentil",non sodales sed tincidunt eu felis fusce posuere felis sed lacus,$153.19
91,"Veal - Inside, Choice",ultrices posuere cubilia curae duis faucibus accumsan odio curabitur convallis duis,$0.72
92,Snapple - Mango Maddness,id pretium iaculis diam erat fermentum justo,$14.63
93,Macaroons - Two Bite Choc,pede venenatis non sodales sed tincidunt eu felis fusce posuere felis sed lacus morbi,$109.20
94,Sage Derby,lacinia eget tincidunt eget tempus vel,$24.39
95,Tomatoes,curae duis faucibus accumsan odio curabitur convallis duis consequat,$14.91
96,Soup V8 Roasted Red Pepper,rhoncus aliquet pulvinar sed nisl nunc rhoncus dui,$97.28
97,Beer - Creemore,turpis nec euismod scelerisque quam turpis,$107.14
98,Truffle Paste,viverra dapibus nulla suscipit ligula in lacus curabitur at ipsum ac tellus semper,$176.72
99,"Oil - Truffle, Black",nam nulla integer pede justo lacinia eget tincidunt eget tempus,$139.07
100,Petite Baguette,habitasse platea dictumst morbi vestibulum,$179.44
101,Pork - Kidney,quis turpis sed ante vivamus tortor duis mattis egestas metus aenean,$124.35
102,Mushroom - King Eryingii,convallis morbi odio odio elementum eu interdum eu tincidunt in,$50.75
103,Caviar - Salmon,commodo vulputate justo in blandit ultrices enim lorem ipsum,$191.09
104,Heavy Duty Dust Pan,iaculis congue vivamus metus arcu adipiscing molestie hendrerit at,$56.28
105,Dc - Frozen Momji,consequat varius integer ac leo pellentesque ultrices,$198.18
106,Wine - Chablis 2003 Champs,at lorem integer tincidunt ante vel ipsum praesent blandit lacinia erat vestibulum sed,$47.71
107,"Water, Tap",in tempus sit amet sem fusce,$78.36
108,Wine - Fume Blanc Fetzer,luctus et ultrices posuere cubilia curae duis faucibus accumsan odio curabitur convallis duis,$16.78
109,Bread - French Baquette,lorem quisque ut erat curabitur gravida nisi at nibh in hac,$19.95
110,Puree - Kiwi,sed interdum venenatis turpis enim blandit,$171.35
111,"Pork - Bacon,back Peameal",natoque penatibus et magnis dis parturient montes nascetur,$27.06
112,"Tuna - Canned, Flaked, Light",vel enim sit amet nunc,$191.94
113,Wine - Ej Gallo Sierra Valley,aliquet massa id lobortis convallis tortor risus dapibus augue,$18.29
114,Syrup - Pancake,natoque penatibus et magnis dis parturient montes,$131.57
115,Mangostein,in hac habitasse platea dictumst maecenas ut massa quis augue luctus,$192.85
116,Truffle Cups Green,volutpat eleifend donec ut dolor morbi vel lectus in quam,$163.16
117,Cinnamon Rolls,in hac habitasse platea dictumst,$25.67
118,Ecolab Silver Fusion,vitae consectetuer eget rutrum at lorem integer tincidunt ante vel,$187.17
119,Tart - Lemon,sollicitudin vitae consectetuer eget rutrum,$70.84
120,Pastry - Key Limepoppy Seed Tea,sapien arcu sed augue aliquam erat volutpat in congue etiam,$99.52
121,Lamb - Ground,mollis molestie lorem quisque ut erat curabitur gravida nisi at nibh in hac habitasse platea,$60.02
122,Vinegar - Balsamic,id ornare imperdiet sapien urna pretium nisl ut volutpat sapien arcu sed augue aliquam,$82.78
123,Cookie Double Choco,sit amet justo morbi ut odio cras mi pede malesuada in imperdiet et commodo,$46.40
124,Lamb Tenderloin Nz Fr,nisl aenean lectus pellentesque eget nunc donec quis,$141.11
125,"Leeks - Baby, White",quis odio consequat varius integer ac leo pellentesque ultrices mattis odio,$186.67
126,Zucchini - Green,vivamus metus arcu adipiscing molestie,$159.88
127,Plasticforkblack,in faucibus orci luctus et ultrices posuere cubilia curae,$93.00
128,Wine - Chianti Classica Docg,nec condimentum neque sapien placerat ante nulla justo aliquam quis turpis eget elit,$165.28
129,Bagel - Sesame Seed Presliced,nascetur ridiculus mus etiam vel,$96.52
130,Gherkin,mollis molestie lorem quisque ut,$187.73
131,Truffle Cups - White Paper,id luctus nec molestie sed justo pellentesque viverra pede,$147.10
132,Assorted Desserts,primis in faucibus orci luctus et ultrices posuere cubilia,$102.31
133,Tahini Paste,in purus eu magna vulputate luctus,$189.00
134,Crab - Meat Combo,eu magna vulputate luctus cum sociis natoque penatibus et magnis dis parturient montes nascetur,$55.89
135,Sauce - Caesar Dressing,quis turpis eget elit sodales scelerisque mauris sit amet eros,$158.50
136,Cinnamon Buns Sticky,eget rutrum at lorem integer,$53.65
137,Yoghurt Tubes,cras in purus eu magna vulputate luctus cum sociis natoque penatibus et magnis dis,$195.12
138,Lamb - Whole Head Off,vestibulum velit id pretium iaculis diam,$155.07
139,Container - Foam Dixie 12 Oz,quam nec dui luctus rutrum nulla tellus in sagittis dui vel nisl,$119.05
140,"Appetizer - Spring Roll, Veg",sapien ut nunc vestibulum ante ipsum,$169.60
141,"Roe - Lump Fish, Red",donec dapibus duis at velit eu est congue elementum in hac habitasse platea,$32.80
142,Ham Black Forest,eget tempus vel pede morbi porttitor lorem,$162.53
143,"Wine - White, Riesling, Henry Of",nulla facilisi cras non velit nec nisi vulputate nonummy maecenas tincidunt lacus at,$87.70
144,Chicken - Bones,convallis nunc proin at turpis a pede posuere nonummy integer non velit donec diam,$149.91
145,"Pepper - White, Whole",venenatis lacinia aenean sit amet justo morbi ut odio,$121.68
146,"Artichoke - Bottom, Canned",vestibulum sit amet cursus id turpis integer aliquet massa id lobortis convallis,$106.00
147,Nantucket - Carrot Orange,lectus vestibulum quam sapien varius,$197.29
148,Soup - Campbellschix Stew,platea dictumst morbi vestibulum velit id pretium iaculis,$104.59
149,Bread Base - Goodhearth,cubilia curae donec pharetra magna vestibulum aliquet ultrices erat tortor sollicitudin mi sit amet lobortis,$17.31
150,Syrup - Monin - Granny Smith,nullam porttitor lacus at turpis donec posuere metus vitae ipsum aliquam non,$66.37
151,Muffin - Carrot Individual Wrap,vestibulum quam sapien varius ut blandit non,$108.55
152,"Yeast - Fresh, Fleischman",ipsum primis in faucibus orci luctus et ultrices posuere cubilia curae duis faucibus accumsan odio,$89.57
153,Squash - Pepper,bibendum morbi non quam nec dui luctus rutrum,$16.59
154,Hersey Shakes,lacinia erat vestibulum sed magna at nunc,$98.14
155,V8 - Tropical Blend,luctus et ultrices posuere cubilia curae,$56.94
156,Contreau,justo sit amet sapien dignissim vestibulum vestibulum ante,$73.55
157,"Trout - Rainbow, Fresh",rutrum rutrum neque aenean auctor gravida sem praesent id massa id nisl venenatis lacinia,$96.82
158,Straws - Cocktale,in tempus sit amet sem fusce consequat nulla nisl,$48.63
159,"Beef - Ox Tail, Frozen",cubilia curae donec pharetra magna vestibulum,$30.73
160,Nut - Pumpkin Seeds,cursus urna ut tellus nulla ut erat id mauris,$151.36
161,Salt - Celery,nulla eget eros elementum pellentesque quisque porta volutpat erat,$68.28
162,Flour - Rye,ipsum praesent blandit lacinia erat vestibulum sed,$148.44
163,Tea - Decaf 1 Cup,cras pellentesque volutpat dui maecenas,$73.41
164,Huck Towels White,luctus ultricies eu nibh quisque id justo sit amet,$111.89
165,Food Colouring - Blue,bibendum morbi non quam nec dui,$125.26
166,Brandy - Bar,mi integer ac neque duis bibendum,$150.50
167,Wine - Cabernet Sauvignon,praesent lectus vestibulum quam sapien varius ut blandit non interdum,$5.95
168,Sugar - Invert,felis sed lacus morbi sem mauris laoreet,$172.83
169,Mangoes,sapien cum sociis natoque penatibus,$26.46
170,"Doilies - 10, Paper",sollicitudin ut suscipit a feugiat et eros vestibulum ac,$90.54
171,Sugar - White Packet,rutrum rutrum neque aenean auctor gravida sem praesent id massa id nisl venenatis,$106.05
172,Turkey - Oven Roast Breast,interdum in ante vestibulum ante ipsum primis in faucibus,$90.50
173,Chicken Breast Halal,nullam orci pede venenatis non sodales sed tincidunt eu felis fusce posuere felis,$199.20
174,Coffee - Hazelnut Cream,fusce lacus purus aliquet at feugiat non pretium quis,$148.24
175,Dill Weed - Fresh,et eros vestibulum ac est lacinia nisi venenatis tristique fusce congue,$155.45
176,Tart - Pecan Butter Squares,pulvinar sed nisl nunc rhoncus dui vel sem sed sagittis nam congue risus,$102.27
177,Aspic - Clear,magna vulputate luctus cum sociis natoque penatibus et magnis dis,$40.31
178,"Pepper - Julienne, Frozen",semper sapien a libero nam dui proin,$107.40
179,Cake - Lemon Chiffon,mauris lacinia sapien quis libero nullam sit amet turpis,$71.75
180,Tea Leaves - Oolong,nam congue risus semper porta volutpat quam pede lobortis,$47.62
181,Cinnamon - Ground,quam sapien varius ut blandit non interdum in ante vestibulum ante ipsum primis in faucibus,$114.72
182,"Salmon - Atlantic, Skin On",orci pede venenatis non sodales sed tincidunt eu felis fusce posuere felis sed,$177.18
183,"Lamb - Leg, Boneless",lacus morbi quis tortor id nulla ultrices,$196.67
184,Juice - Orange,velit vivamus vel nulla eget eros elementum pellentesque quisque porta volutpat erat,$90.79
185,Plums - Red,leo rhoncus sed vestibulum sit amet cursus id turpis integer aliquet,$196.41
186,"Salsify, Organic",cras in purus eu magna vulputate,$69.18
187,Couscous,dapibus at diam nam tristique tortor eu pede,$196.13
188,Nantucket - Kiwi Berry Cktl.,cursus vestibulum proin eu mi nulla ac,$49.15
189,Lotus Root,velit eu est congue elementum in hac habitasse platea,$43.66
190,"Syrup - Golden, Lyles",lacus morbi quis tortor id nulla ultrices aliquet,$87.61
191,Kellogs Cereal In A Cup,vel sem sed sagittis nam congue risus semper porta volutpat quam pede lobortis ligula,$192.17
192,Truffle Shells - Semi - Sweet,a ipsum integer a nibh in quis justo maecenas rhoncus aliquam lacus,$166.04
193,"Juice - Apple, 1.36l",vivamus tortor duis mattis egestas metus aenean fermentum,$25.85
194,Cookie - Oreo 100x2,nullam orci pede venenatis non sodales sed tincidunt eu felis,$37.63
195,Juice - Ocean Spray Cranberry,integer a nibh in quis justo maecenas rhoncus,$43.78
196,"Bread - Dark Rye, Loaf",lacinia erat vestibulum sed magna at nunc commodo placerat praesent blandit nam,$94.79
197,Sour Cream,sit amet nunc viverra dapibus nulla suscipit ligula in lacus curabitur at ipsum ac,$97.20
198,Vol Au Vents,neque vestibulum eget vulputate ut ultrices vel,$115.02
199,Pop - Club Soda Can,porttitor lorem id ligula suspendisse ornare consequat,$98.43
200,Gatorade - Fruit Punch,ut odio cras mi pede malesuada in imperdiet et,$22.13
201,"Nut - Chestnuts, Whole",sed vestibulum sit amet cursus id turpis integer aliquet massa id lobortis,$48.66
202,"Yeast - Fresh, Fleischman",felis sed interdum venenatis turpis enim blandit mi,$79.81
203,Wine - Carmenere Casillero Del,odio justo sollicitudin ut suscipit a feugiat et eros,$26.84
204,"Lemonade - Natural, 591 Ml",nulla facilisi cras non velit nec nisi vulputate nonummy maecenas tincidunt,$153.16
205,Sugar Thermometer,tellus nisi eu orci mauris lacinia sapien quis libero,$2.76
206,V8 - Vegetable Cocktail,nulla quisque arcu libero rutrum ac lobortis vel dapibus at diam,$153.81
207,Island Oasis - Magarita Mix,diam neque vestibulum eget vulputate ut ultrices vel augue vestibulum ante ipsum primis,$71.71
208,Pork - Smoked Back Bacon,non mi integer ac neque duis bibendum morbi non quam nec,$185.91
209,"Wine - Cahors Ac 2000, Clos",eget tempus vel pede morbi porttitor lorem id ligula suspendisse ornare,$194.81
210,Coffee - Almond Amaretto,suspendisse potenti in eleifend quam a,$9.52
211,Sobe - Tropical Energy,enim lorem ipsum dolor sit amet consectetuer adipiscing elit proin interdum mauris,$82.66
212,Strawberries - California,nunc commodo placerat praesent blandit nam nulla integer pede justo,$39.45
213,Wine - Barbera Alba Doc 2001,convallis tortor risus dapibus augue vel accumsan tellus nisi eu orci,$43.10
214,Wine - Mondavi Coastal Private,etiam vel augue vestibulum rutrum rutrum neque aenean auctor gravida sem praesent,$138.40
215,Bar Nature Valley,a feugiat et eros vestibulum ac,$140.94
216,Butter - Pod,erat vestibulum sed magna at nunc commodo placerat praesent blandit nam,$89.96
217,Flour - Whole Wheat,erat nulla tempus vivamus in felis eu sapien cursus vestibulum proin eu,$191.49
218,Muskox - French Rack,massa quis augue luctus tincidunt nulla mollis molestie lorem quisque ut,$113.03
219,"Juice - Orange, Concentrate",nunc viverra dapibus nulla suscipit ligula in lacus,$161.39
220,Energy Drink - Franks Pineapple,tristique fusce congue diam id ornare imperdiet,$171.01
221,Beef - Ox Tongue,vel est donec odio justo sollicitudin ut suscipit a feugiat et eros vestibulum,$162.01
222,Hinge W Undercut,turpis eget elit sodales scelerisque mauris sit amet eros suspendisse accumsan tortor quis turpis,$158.72
223,Tuna - Salad Premix,pulvinar sed nisl nunc rhoncus,$102.43
224,Sardines,sed interdum venenatis turpis enim blandit mi in porttitor pede justo,$114.67
225,Cinnamon - Ground,at nibh in hac habitasse platea dictumst aliquam augue quam sollicitudin vitae consectetuer,$194.10
226,"Asparagus - White, Canned",at ipsum ac tellus semper interdum mauris ullamcorper purus sit amet nulla quisque arcu libero,$79.86
227,Tomatoes - Cherry,etiam vel augue vestibulum rutrum rutrum neque,$44.92
228,Tofu - Firm,maecenas leo odio condimentum id luctus nec molestie sed justo pellentesque viverra,$76.74
229,Catfish - Fillets,est donec odio justo sollicitudin ut suscipit a,$132.95
230,Lettuce - Iceberg,libero nam dui proin leo odio porttitor id consequat in consequat ut nulla,$141.23
231,Ham - Cooked,in congue etiam justo etiam pretium iaculis justo in hac habitasse platea dictumst,$147.86
232,Extract Vanilla Pure,massa tempor convallis nulla neque libero,$105.47
233,"Juice - Tomato, 48 Oz",arcu libero rutrum ac lobortis vel dapibus at diam nam tristique tortor eu,$6.93
234,Wine - Prosecco Valdobiaddene,proin eu mi nulla ac enim in tempor turpis nec euismod,$130.06
235,Truffle Paste,aliquam lacus morbi quis tortor id nulla ultrices aliquet maecenas leo odio,$17.64
236,Muffin - Mix - Strawberry Rhubarb,leo odio porttitor id consequat in consequat ut nulla sed accumsan felis ut at,$188.57
237,Squid Ink,vehicula consequat morbi a ipsum integer a nibh in quis justo maecenas rhoncus aliquam,$106.01
238,Shrimp - Tiger 21/25,et commodo vulputate justo in blandit ultrices enim lorem ipsum dolor sit amet consectetuer,$97.95
239,Pepper - Jalapeno,nulla sed accumsan felis ut at dolor,$129.75
240,Pie Filling - Cherry,vestibulum sit amet cursus id,$165.06
241,Cheese - Grana Padano,morbi vel lectus in quam fringilla rhoncus mauris enim leo rhoncus sed vestibulum sit amet,$198.70
242,"Lid - 10,12,16 Oz",quis libero nullam sit amet turpis elementum ligula vehicula consequat morbi a ipsum integer,$54.22
243,Beef Cheek Fresh,metus sapien ut nunc vestibulum ante ipsum primis,$45.53
244,Puree - Blackcurrant,vestibulum velit id pretium iaculis diam erat,$163.12
245,Wine - Cousino Macul Antiguas,dapibus augue vel accumsan tellus,$129.48
246,Peppercorns - Green,mauris non ligula pellentesque ultrices phasellus id sapien in sapien iaculis congue vivamus metus,$182.63
247,Kiwi Gold Zespri,aenean lectus pellentesque eget nunc donec quis orci eget orci vehicula condimentum curabitur in libero,$183.56
248,Wine - Carmenere Casillero Del,scelerisque mauris sit amet eros suspendisse accumsan,$131.85
249,"Veal - Round, Eye Of",sed justo pellentesque viverra pede ac diam cras pellentesque volutpat dui,$43.27
250,Zucchini - Yellow,in sagittis dui vel nisl duis ac nibh,$72.23
251,Bread - Petit Baguette,pellentesque quisque porta volutpat erat,$80.19
252,Trueblue - Blueberry,at nulla suspendisse potenti cras in purus eu magna vulputate luctus cum sociis natoque penatibus,$107.76
253,Wine - Conde De Valdemar,ipsum primis in faucibus orci luctus et ultrices posuere cubilia curae duis,$3.80
254,Squid - U - 10 Thailand,vel accumsan tellus nisi eu orci mauris,$25.90
255,Ice Cream Bar - Hageen Daz To,in quis justo maecenas rhoncus aliquam lacus morbi quis tortor id nulla ultrices aliquet,$11.23
256,Pork - European Side Bacon,aliquam convallis nunc proin at turpis a pede posuere nonummy integer non velit donec diam,$81.98
257,Buffalo - Tenderloin,mauris ullamcorper purus sit amet nulla quisque arcu libero rutrum ac lobortis vel,$153.24
258,Bread - Corn Muffaleta Onion,quam a odio in hac habitasse platea,$159.26
259,Pie Shell - 5,morbi odio odio elementum eu interdum eu tincidunt,$73.73
260,Bar Bran Honey Nut,justo in blandit ultrices enim lorem ipsum dolor sit,$47.54
261,Onions - Cippolini,vitae ipsum aliquam non mauris morbi non,$188.15
262,Chicken Thigh - Bone Out,est risus auctor sed tristique in tempus sit amet sem fusce consequat nulla nisl,$92.32
263,Capers - Pickled,etiam vel augue vestibulum rutrum rutrum neque aenean auctor gravida sem praesent id massa id,$44.85
264,Sausage - Andouille,duis ac nibh fusce lacus purus aliquet at feugiat non,$159.18
265,"Lemonade - Kiwi, 591 Ml",dui luctus rutrum nulla tellus in sagittis dui vel nisl duis ac nibh,$79.60
266,Mountain Dew,nec molestie sed justo pellentesque,$31.66
267,Ecolab Silver Fusion,id massa id nisl venenatis lacinia,$124.56
268,Sprouts - Peppercress,id ornare imperdiet sapien urna pretium nisl ut volutpat sapien arcu,$89.08
269,Beer - Mill St Organic,nulla eget eros elementum pellentesque quisque,$153.21
270,Sauce - Fish 25 Ozf Bottle,ut massa volutpat convallis morbi odio odio elementum eu interdum,$171.89
271,Devonshire Cream,luctus cum sociis natoque penatibus et magnis dis,$137.57
272,"Pasta - Fettuccine, Dry",metus vitae ipsum aliquam non mauris morbi non lectus aliquam sit amet diam,$149.67
273,Ginsing - Fresh,elementum eu interdum eu tincidunt in,$92.93
274,Piping Jelly - All Colours,ipsum dolor sit amet consectetuer adipiscing elit proin,$86.79
275,Yoplait Drink,potenti nullam porttitor lacus at turpis donec posuere metus,$83.78
276,Squid - U 5,mi nulla ac enim in tempor turpis nec euismod scelerisque quam,$93.73
277,"Wine - Red, Gamay Noir",non ligula pellentesque ultrices phasellus id sapien in sapien iaculis congue vivamus metus arcu adipiscing,$11.26
278,Muffin Mix - Oatmeal,rhoncus mauris enim leo rhoncus,$9.91
279,Samosa - Veg,rhoncus aliquet pulvinar sed nisl nunc rhoncus dui vel sem sed sagittis nam,$127.89
280,Eggwhite Frozen,mauris non ligula pellentesque ultrices phasellus id sapien in sapien iaculis,$197.81
281,Propel Sport Drink,semper porta volutpat quam pede,$179.71
282,Sugar - Splenda Sweetener,quam a odio in hac habitasse platea,$29.26
283,Tomatillo,luctus et ultrices posuere cubilia,$94.48
284,Wine - Chianti Classica Docg,eleifend pede libero quis orci nullam molestie nibh in lectus pellentesque at nulla suspendisse potenti,$181.77
285,Cranberries - Frozen,leo odio porttitor id consequat in consequat ut nulla sed accumsan felis ut,$114.03
286,Ice Cream Bar - Oreo Cone,hac habitasse platea dictumst morbi vestibulum velit id pretium,$154.56
287,Appetizer - Escargot Puff,eget elit sodales scelerisque mauris sit amet eros suspendisse accumsan tortor quis turpis sed ante,$178.69
288,"Artichoke - Bottom, Canned",viverra diam vitae quam suspendisse potenti nullam porttitor lacus at turpis donec posuere,$30.84
289,Onions - Cooking,lobortis est phasellus sit amet erat nulla tempus vivamus in felis,$30.06
290,Ham - Virginia,convallis nulla neque libero convallis eget eleifend luctus ultricies eu nibh quisque id justo sit,$136.87
291,Cheese - Le Cheve Noir,id justo sit amet sapien dignissim vestibulum vestibulum ante ipsum primis,$184.40
292,Sardines,consectetuer adipiscing elit proin interdum mauris,$17.40
293,Basil - Thai,egestas metus aenean fermentum donec ut mauris eget massa tempor convallis nulla neque,$61.92
294,"Tomatoes - Vine Ripe, Yellow",pede justo eu massa donec dapibus duis at,$191.80
295,Sugar - White Packet,quis justo maecenas rhoncus aliquam lacus morbi quis tortor id nulla ultrices aliquet,$3.65
296,Kohlrabi,nunc nisl duis bibendum felis sed,$186.64
297,"Cherries - Bing, Canned",convallis duis consequat dui nec nisi volutpat eleifend,$88.53
298,Chocolate Liqueur - Godet White,aliquet maecenas leo odio condimentum id luctus,$126.53
299,Wine - Cave Springs Dry Riesling,convallis nulla neque libero convallis eget,$140.78
300,Wine - Dubouef Macon - Villages,dignissim vestibulum vestibulum ante ipsum primis in,$89.71
301,"Clams - Littleneck, Whole",curae nulla dapibus dolor vel est donec odio justo sollicitudin ut suscipit a feugiat et,$99.89
302,Coriander - Seed,quam sollicitudin vitae consectetuer eget rutrum at lorem integer tincidunt ante vel ipsum,$16.65
303,"Cheese - Mozzarella, Buffalo",cursus vestibulum proin eu mi nulla ac enim,$83.57
304,Jagermeister,pede posuere nonummy integer non velit,$51.35
305,"Nut - Chestnuts, Whole",leo pellentesque ultrices mattis odio donec vitae nisi,$72.84
306,Bread - Hamburger Buns,a libero nam dui proin leo odio porttitor id consequat in consequat,$59.90
307,Broom - Corn,ridiculus mus etiam vel augue vestibulum rutrum rutrum neque aenean auctor gravida sem praesent id,$25.69
308,"Turkey - Breast, Bone - In",diam in magna bibendum imperdiet nullam orci pede venenatis non sodales sed tincidunt,$164.35
309,Cookies - Amaretto,donec pharetra magna vestibulum aliquet ultrices erat,$94.10
310,Container - Foam Dixie 12 Oz,felis fusce posuere felis sed lacus morbi sem mauris laoreet ut rhoncus aliquet pulvinar,$37.91
311,Veal - Provimi Inside,ac nulla sed vel enim sit amet nunc,$175.46
312,Veal - Provimi Inside,accumsan tortor quis turpis sed ante vivamus tortor duis mattis egestas metus aenean fermentum donec,$137.48
313,"Noodles - Cellophane, Thin",donec vitae nisi nam ultrices libero non mattis pulvinar nulla,$52.29
314,Tamarillo,orci pede venenatis non sodales sed tincidunt eu,$5.94
315,Appetizer - Sausage Rolls,turpis elementum ligula vehicula consequat morbi a ipsum integer a nibh in quis justo maecenas,$37.79
316,Wine - Chardonnay Mondavi,vehicula condimentum curabitur in libero ut massa volutpat convallis morbi odio odio,$7.17
317,"Marjoram - Dried, Rubbed",at lorem integer tincidunt ante,$38.93
318,Dasheen,purus sit amet nulla quisque arcu libero rutrum,$112.49
319,Wine - Coteaux Du Tricastin Ac,dolor sit amet consectetuer adipiscing elit proin interdum mauris non ligula pellentesque ultrices,$162.64
320,"Bread - Crumbs, Bulk",commodo placerat praesent blandit nam nulla integer pede,$188.23
321,Juice - Mango,eget eros elementum pellentesque quisque,$115.96
322,"Beef - Chuck, Boneless",magnis dis parturient montes nascetur ridiculus mus vivamus,$115.36
323,Coffee - Almond Amaretto,massa quis augue luctus tincidunt nulla mollis molestie lorem,$45.83
324,Lobak,in leo maecenas pulvinar lobortis est phasellus sit amet erat,$51.61
325,"Rum - Cream, Amarula",mauris viverra diam vitae quam suspendisse,$114.58
326,Cake - French Pear Tart,primis in faucibus orci luctus et ultrices posuere cubilia curae duis,$34.69
327,Cheese - Asiago,mauris viverra diam vitae quam suspendisse potenti nullam,$35.80
328,Sauce - Soy Low Sodium - 3.87l,ac lobortis vel dapibus at diam nam,$22.14
329,Pop Shoppe Cream Soda,tristique fusce congue diam id ornare,$140.20
330,"Beef - Roasted, Cooked",auctor sed tristique in tempus sit amet,$94.67
331,"Juice - Grapefruit, 341 Ml",velit donec diam neque vestibulum eget vulputate ut ultrices vel augue vestibulum ante ipsum primis,$81.99
332,Bar Bran Honey Nut,gravida nisi at nibh in hac habitasse,$108.21
333,"Tortillas - Flour, 12",enim in tempor turpis nec euismod scelerisque quam turpis adipiscing lorem vitae mattis nibh,$128.14
334,"Shrimp - 21/25, Peel And Deviened",volutpat sapien arcu sed augue aliquam erat volutpat in congue etiam justo,$28.05
335,Syrup - Chocolate,metus vitae ipsum aliquam non mauris morbi non lectus aliquam sit amet diam in magna,$8.84
336,Muffins - Assorted,suspendisse ornare consequat lectus in est risus auctor sed tristique,$45.03
337,Cup - 8oz Coffee Perforated,aenean fermentum donec ut mauris,$12.85
338,"Yogurt - Blueberry, 175 Gr",in sagittis dui vel nisl duis ac nibh fusce lacus purus aliquet at feugiat,$112.73
339,"Tart Shells - Savory, 2",ligula in lacus curabitur at ipsum ac tellus,$22.09
340,Oil - Pumpkinseed,sit amet justo morbi ut odio cras mi pede malesuada in,$193.88
341,Butter - Salted,libero quis orci nullam molestie nibh in lectus pellentesque at nulla suspendisse potenti,$9.59
342,Dates,nulla eget eros elementum pellentesque quisque porta volutpat erat quisque erat eros viverra eget,$100.82
343,Creme De Cacao White,et ultrices posuere cubilia curae nulla dapibus dolor,$116.54
344,"Beef - Rib Roast, Cap On",nullam molestie nibh in lectus,$42.61
345,Urban Zen Drinks,volutpat in congue etiam justo etiam pretium iaculis justo in hac habitasse platea dictumst etiam,$41.03
346,Rum - Mount Gay Eclipes,ut rhoncus aliquet pulvinar sed nisl nunc rhoncus dui vel sem sed sagittis nam congue,$80.66
347,Coffee - Ristretto Coffee Capsule,blandit nam nulla integer pede justo lacinia eget tincidunt eget tempus vel pede morbi,$85.87
348,"Tuna - Canned, Flaked, Light",nisl ut volutpat sapien arcu sed augue aliquam erat volutpat in congue,$139.96
349,"Mushroom - Shitake, Fresh",quis turpis eget elit sodales scelerisque mauris sit amet eros suspendisse accumsan tortor quis turpis,$145.84
350,"Chicken - Base, Ultimate",dictumst aliquam augue quam sollicitudin vitae consectetuer eget rutrum,$50.14
351,Wine - Magnotta - Pinot Gris Sr,diam neque vestibulum eget vulputate ut ultrices vel augue,$132.83
352,Remy Red Berry Infusion,semper sapien a libero nam dui proin leo odio porttitor id consequat in consequat,$69.10
353,Kaffir Lime Leaves,magna vestibulum aliquet ultrices erat tortor sollicitudin mi sit amet lobortis sapien sapien non mi,$11.51
354,Garlic Powder,pulvinar nulla pede ullamcorper augue a suscipit nulla elit,$120.76
355,Grapes - Green,placerat praesent blandit nam nulla integer pede justo lacinia eget tincidunt eget,$42.87
356,Cheese - Grana Padano,amet sem fusce consequat nulla nisl nunc nisl duis bibendum felis sed interdum venenatis,$110.67
357,Beef Cheek Fresh,aliquam erat volutpat in congue etiam,$189.75
358,Steampan - Lid For Half Size,tristique est et tempus semper est quam pharetra magna ac consequat metus,$156.96
359,Bouillion - Fish,nisi venenatis tristique fusce congue diam id ornare,$0.65
360,Cake - Miini Cheesecake Cherry,vel ipsum praesent blandit lacinia erat vestibulum sed magna at nunc commodo placerat praesent,$81.50
361,Chocolate Eclairs,id nisl venenatis lacinia aenean sit amet justo morbi,$45.42
362,Sobe - Green Tea,pede morbi porttitor lorem id ligula suspendisse ornare consequat lectus,$3.63
363,"Sauce - Gravy, Au Jus, Mix",in hac habitasse platea dictumst morbi vestibulum velit,$32.85
364,"Sauce - Black Current, Dry Mix",mattis pulvinar nulla pede ullamcorper,$37.98
365,Garbage Bags - Black,vel pede morbi porttitor lorem id ligula,$143.25
366,"Cheese - Mozzarella, Shredded",arcu libero rutrum ac lobortis,$34.71
367,Longos - Grilled Salmon With Bbq,consequat dui nec nisi volutpat eleifend donec ut,$123.70
368,"Iced Tea - Lemon, 460 Ml",viverra eget congue eget semper rutrum nulla nunc purus phasellus in felis,$34.40
369,Oil - Olive,vel enim sit amet nunc viverra dapibus,$158.08
370,Potatoes - Idaho 80 Count,diam vitae quam suspendisse potenti nullam porttitor lacus at turpis donec posuere,$194.68
371,"Schnappes - Peach, Walkers",eu tincidunt in leo maecenas pulvinar,$58.13
372,Soup - Cream Of Broccoli,ante vivamus tortor duis mattis egestas metus aenean fermentum donec ut mauris eget,$99.39
373,Wine - Kwv Chenin Blanc South,ipsum praesent blandit lacinia erat vestibulum sed magna,$0.99
374,Table Cloth 120 Round White,ut rhoncus aliquet pulvinar sed nisl nunc,$53.91
375,"Red Snapper - Fillet, Skin On",maecenas rhoncus aliquam lacus morbi quis tortor id,$22.93
376,Plasticforkblack,duis at velit eu est congue elementum in hac habitasse,$177.61
377,"Pasta - Lasagna Noodle, Frozen",blandit ultrices enim lorem ipsum,$160.50
378,"Chicken - Base, Ultimate",luctus cum sociis natoque penatibus et magnis dis parturient montes,$11.96
379,"Pepsi, 355 Ml",velit vivamus vel nulla eget eros,$82.57
380,Beer - Mill St Organic,amet eros suspendisse accumsan tortor,$39.15
381,Ecolab - Balanced Fusion,praesent blandit lacinia erat vestibulum sed magna at,$152.37
382,Apricots - Halves,habitasse platea dictumst etiam faucibus cursus urna,$103.95
383,Breadfruit,sed nisl nunc rhoncus dui vel sem sed sagittis nam congue risus semper porta,$87.65
384,"Coffee - Beans, Whole",erat vestibulum sed magna at nunc commodo placerat praesent blandit nam nulla integer pede,$60.77
385,Lettuce - Romaine,pede justo eu massa donec dapibus duis at velit eu est,$81.72
386,"Cup - 6oz, Foam",vitae mattis nibh ligula nec sem duis,$181.15
387,Peas - Frozen,ut nulla sed accumsan felis ut at dolor,$46.97
388,Scallops 60/80 Iqf,semper sapien a libero nam dui proin leo odio porttitor id consequat in,$199.79
389,Wine - Puligny Montrachet A.,eget rutrum at lorem integer tincidunt ante vel ipsum praesent blandit lacinia erat vestibulum sed,$39.72
390,Cheese - Brie,eros viverra eget congue eget semper rutrum nulla nunc purus phasellus in felis,$74.50
391,Mangoes,diam erat fermentum justo nec condimentum neque sapien placerat ante nulla justo aliquam quis turpis,$48.57
392,"Water - Mineral, Carbonated",primis in faucibus orci luctus,$165.72
393,Fruit Mix - Light,morbi vestibulum velit id pretium iaculis diam erat fermentum justo nec condimentum,$137.28
394,Wine - Savigny - Les - Beaune,tellus nulla ut erat id mauris vulputate elementum nullam varius nulla facilisi cras,$1.15
395,Appetizer - Veg Assortment,platea dictumst maecenas ut massa quis augue,$82.78
396,Dill Weed - Fresh,massa id nisl venenatis lacinia aenean sit amet justo morbi ut odio cras,$24.23
397,Graham Cracker Mix,metus aenean fermentum donec ut mauris eget massa tempor convallis nulla,$132.43
398,"Plate - Foam, Bread And Butter",accumsan felis ut at dolor quis odio,$164.20
399,"Veal - Shank, Pieces",vel nisl duis ac nibh fusce lacus purus aliquet at feugiat non pretium,$119.38
400,"Trout - Rainbow, Fresh",mattis egestas metus aenean fermentum donec ut,$190.01
401,Coffee Decaf Colombian,convallis eget eleifend luctus ultricies eu nibh quisque id justo sit amet,$136.38
402,"Tart Shells - Sweet, 3",est phasellus sit amet erat nulla tempus vivamus in felis eu sapien cursus vestibulum proin,$74.56
403,"Lamb - Whole Head Off,nz",turpis nec euismod scelerisque quam,$29.30
404,Ice Cream Bar - Hageen Daz To,tortor risus dapibus augue vel accumsan tellus nisi eu,$91.83
405,Juice - V8 Splash,massa tempor convallis nulla neque libero convallis eget eleifend luctus ultricies eu nibh,$20.61
406,Energy Drink Red Bull,sapien dignissim vestibulum vestibulum ante ipsum primis in faucibus orci luctus et ultrices posuere,$181.90
407,Ham - Black Forest,mattis nibh ligula nec sem duis aliquam convallis,$41.92
408,Cheese - Camembert,nullam sit amet turpis elementum ligula vehicula consequat morbi a ipsum,$26.88
409,Pastry - Plain Baked Croissant,orci luctus et ultrices posuere cubilia curae donec pharetra magna vestibulum aliquet ultrices erat tortor,$154.52
410,Kumquat,morbi odio odio elementum eu interdum eu tincidunt in,$68.81
411,"Pasta - Penne Primavera, Single",quisque erat eros viverra eget congue eget semper rutrum nulla nunc purus phasellus in felis,$106.40
412,Sausage - Breakfast,tristique est et tempus semper est quam pharetra magna ac,$4.05
413,Coffee Caramel Biscotti,in porttitor pede justo eu,$46.16
414,"Olives - Black, Pitted",felis sed interdum venenatis turpis,$96.35
415,Bar Special K,ut mauris eget massa tempor convallis nulla neque libero convallis eget eleifend luctus ultricies,$147.15
416,Pepper - Chilli Seeds Mild,nisl aenean lectus pellentesque eget nunc donec quis orci eget orci vehicula,$107.43
417,Wine - Alicanca Vinho Verde,nibh ligula nec sem duis aliquam convallis nunc proin at turpis a,$80.18
418,Petit Baguette,vestibulum eget vulputate ut ultrices vel augue,$17.41
419,Potatoes - Idaho 80 Count,at ipsum ac tellus semper interdum mauris ullamcorper purus sit amet nulla quisque arcu,$70.33
420,Lamb Rack Frenched Australian,purus aliquet at feugiat non pretium quis lectus suspendisse potenti in,$150.10
421,"Cod - Salted, Boneless",tellus in sagittis dui vel nisl duis ac nibh fusce lacus purus aliquet at,$17.90
422,Ice Cream Bar - Drumstick,turpis adipiscing lorem vitae mattis nibh ligula nec sem,$140.56
423,Calypso - Black Cherry Lemonade,vitae nisl aenean lectus pellentesque eget nunc donec quis orci eget orci vehicula condimentum,$44.39
424,"Cod - Salted, Boneless",praesent blandit nam nulla integer pede justo lacinia eget,$91.35
425,Aspic - Light,ullamcorper augue a suscipit nulla elit ac nulla sed vel enim sit amet,$1.36
426,Spinach - Baby,lobortis sapien sapien non mi integer ac neque duis bibendum morbi,$84.70
427,Huck White Towels,ipsum praesent blandit lacinia erat vestibulum sed magna at nunc commodo placerat,$163.33
428,Onions - Pearl,morbi vel lectus in quam fringilla rhoncus mauris enim,$120.63
429,"Croissant, Raw - Mini",quam sapien varius ut blandit non interdum in ante,$66.12
430,Celery Root,morbi vestibulum velit id pretium iaculis diam erat fermentum justo nec condimentum neque sapien placerat,$105.47
431,Bread Country Roll,semper porta volutpat quam pede lobortis ligula sit amet,$34.58
432,Artichokes - Jerusalem,rhoncus dui vel sem sed sagittis nam congue risus semper porta volutpat,$174.27
433,Coffee - Flavoured,in hac habitasse platea dictumst morbi vestibulum velit id pretium,$78.34
434,Beef - Bresaola,suspendisse potenti in eleifend quam a odio in hac habitasse platea dictumst,$10.89
435,Salt - Sea,enim leo rhoncus sed vestibulum sit amet cursus id turpis integer aliquet massa id lobortis,$190.98
436,Veal - Heart,in faucibus orci luctus et ultrices posuere,$17.91
437,Beef - Short Loin,quam suspendisse potenti nullam porttitor lacus at turpis donec posuere metus,$9.30
438,Hot Chocolate - Individual,vitae consectetuer eget rutrum at lorem integer tincidunt,$19.44
439,Carbonated Water - Blackcherry,maecenas ut massa quis augue luctus tincidunt,$110.37
440,Sauce - Oyster,sociis natoque penatibus et magnis dis,$104.05
441,"Wine - Red, Antinori Santa",nibh fusce lacus purus aliquet at feugiat non pretium,$194.61
442,Seedlings - Clamshell,non sodales sed tincidunt eu felis fusce posuere felis,$69.10
443,Shrimp - Prawn,risus praesent lectus vestibulum quam sapien varius ut blandit non interdum in ante vestibulum ante,$29.77
444,Steel Wool,amet nulla quisque arcu libero rutrum ac lobortis vel dapibus at diam nam tristique tortor,$132.78
445,Mousse - Mango,volutpat dui maecenas tristique est et tempus semper est quam pharetra magna ac,$105.72
446,"Gin - Gilbeys London, Dry",in quam fringilla rhoncus mauris enim leo rhoncus sed vestibulum sit amet cursus id turpis,$39.05
447,"Beef - Tongue, Cooked",adipiscing molestie hendrerit at vulputate vitae nisl aenean lectus,$135.05
448,"Mushrooms - Black, Dried",quis tortor id nulla ultrices aliquet maecenas leo odio condimentum id luctus nec,$45.92
449,Paper Cocktail Umberlla 80 - 180,praesent id massa id nisl venenatis lacinia aenean sit,$197.19
450,"Nut - Almond, Blanched, Ground",pede malesuada in imperdiet et commodo vulputate justo in blandit ultrices enim,$86.35
451,Cod - Black Whole Fillet,in felis donec semper sapien a libero nam dui proin leo,$50.06
452,Lemon Pepper,at dolor quis odio consequat varius integer ac leo pellentesque,$173.51
453,Ecolab - Mikroklene 4/4 L,duis bibendum morbi non quam nec dui luctus rutrum nulla tellus in sagittis,$111.51
454,Wine - Magnotta - Pinot Gris Sr,aenean fermentum donec ut mauris eget massa,$37.37
455,"Apple - Delicious, Golden",lectus pellentesque at nulla suspendisse potenti cras in,$106.79
456,Pants Custom Dry Clean,suspendisse potenti cras in purus eu magna,$73.66
457,"Asparagus - White, Canned",quis justo maecenas rhoncus aliquam lacus morbi quis tortor,$89.41
458,Plastic Arrow Stir Stick,id nulla ultrices aliquet maecenas leo odio condimentum id,$163.64
459,Wine - Shiraz Wolf Blass Premium,at nibh in hac habitasse platea dictumst aliquam augue quam sollicitudin vitae consectetuer eget rutrum,$11.23
460,Veal - Nuckle,eu est congue elementum in hac habitasse platea,$73.77
461,"Wine - Harrow Estates, Vidal",pretium iaculis justo in hac habitasse platea dictumst etiam faucibus,$167.83
462,The Pop Shoppe - Root Beer,volutpat eleifend donec ut dolor morbi vel lectus in quam fringilla,$102.82
463,Sauce - Hp,dolor sit amet consectetuer adipiscing elit proin risus praesent lectus vestibulum quam sapien varius ut,$75.88
464,Foil Cont Round,purus eu magna vulputate luctus cum,$68.57
465,Almonds Ground Blanched,pede posuere nonummy integer non,$4.38
466,"Wine - White, Pelee Island",sed lacus morbi sem mauris laoreet ut rhoncus aliquet pulvinar sed nisl nunc,$146.63
467,Energy Drink,tristique fusce congue diam id ornare imperdiet sapien urna pretium nisl,$79.05
468,Chocolate - Feathers,imperdiet et commodo vulputate justo in blandit ultrices enim lorem ipsum dolor sit,$143.67
469,Piping Jelly - All Colours,et tempus semper est quam pharetra magna ac consequat metus sapien ut nunc vestibulum ante,$2.64
470,Pail For Lid 1537,elit proin interdum mauris non ligula pellentesque ultrices phasellus,$58.51
471,Salt - Sea,tincidunt nulla mollis molestie lorem quisque ut erat curabitur gravida nisi at,$116.46
472,"Capon - Breast, Double, Wing On",at velit vivamus vel nulla eget eros elementum pellentesque quisque porta volutpat,$30.50
473,Lemon Balm - Fresh,adipiscing lorem vitae mattis nibh ligula nec sem duis aliquam convallis,$108.29
474,Plums - Red,elementum eu interdum eu tincidunt in leo maecenas pulvinar,$28.91
475,Sproutsmustard Cress,maecenas tincidunt lacus at velit vivamus vel nulla eget eros elementum pellentesque,$62.85
476,Cookie Trail Mix,erat id mauris vulputate elementum nullam varius nulla facilisi cras,$24.09
477,Wine - Malbec Trapiche Reserve,in congue etiam justo etiam pretium iaculis justo in hac,$161.71
478,Glass Clear 8 Oz,at nunc commodo placerat praesent blandit nam nulla integer pede justo,$98.75
479,Squid - Tubes / Tenticles 10/20,at nibh in hac habitasse platea dictumst aliquam augue quam sollicitudin,$81.01
480,Island Oasis - Magarita Mix,vel sem sed sagittis nam congue risus semper porta volutpat,$70.63
481,Tea - Lemon Green Tea,elementum eu interdum eu tincidunt,$177.07
482,Foil Wrap,aliquet pulvinar sed nisl nunc rhoncus dui vel sem sed,$17.37
483,Quinoa,justo sit amet sapien dignissim vestibulum,$67.66
484,Veal - Liver,mauris laoreet ut rhoncus aliquet pulvinar sed nisl nunc,$108.37
485,Salt - Seasoned,pede malesuada in imperdiet et commodo vulputate justo in blandit,$193.61
486,Relish,consequat varius integer ac leo pellentesque,$13.04
487,Ginger - Fresh,primis in faucibus orci luctus et ultrices posuere cubilia curae donec pharetra,$129.91
488,"Hickory Smoke, Liquid",leo odio condimentum id luctus nec molestie,$127.59
489,"Veal - Shank, Pieces",erat eros viverra eget congue eget semper rutrum nulla,$174.74
490,"Soup - Campbells, Classic Chix",morbi vel lectus in quam fringilla rhoncus mauris enim leo rhoncus sed vestibulum,$15.07
491,Island Oasis - Magarita Mix,donec posuere metus vitae ipsum aliquam non mauris morbi non lectus aliquam sit amet,$33.14
492,"Wine - Red, Harrow Estates, Cab",sed ante vivamus tortor duis mattis egestas metus aenean fermentum donec,$109.79
493,Wine - Fino Tio Pepe Gonzalez,est quam pharetra magna ac consequat metus sapien ut,$105.41
494,External Supplier,nisl nunc rhoncus dui vel sem,$147.34
495,Muffin - Blueberry Individual,velit nec nisi vulputate nonummy maecenas tincidunt lacus at velit vivamus,$3.11
496,"Pork - Sausage, Medium",tellus nisi eu orci mauris lacinia sapien quis libero nullam sit,$46.26
497,"Soup - Canadian Pea, Dry Mix",est phasellus sit amet erat nulla tempus,$49.39
498,"Pasta - Fettuccine, Dry",viverra diam vitae quam suspendisse potenti,$19.91
499,Gooseberry,nam ultrices libero non mattis pulvinar nulla pede ullamcorper,$24.92
500,Gelatine Powder,quisque id justo sit amet sapien dignissim vestibulum vestibulum,$19.07
501,Beef - Tenderloin Tails,sit amet lobortis sapien sapien non mi integer,$73.80
502,"Beans - Kidney, Red Dry",tortor quis turpis sed ante,$98.84
503,Soupfoamcont12oz 112con,id luctus nec molestie sed justo pellentesque viverra pede,$69.23
504,Oil - Cooking Spray,vivamus vestibulum sagittis sapien cum sociis natoque penatibus et magnis dis parturient montes nascetur,$154.38
505,Beer - Blue Light,in hac habitasse platea dictumst aliquam,$94.19
506,Chicken - Tenderloin,purus eu magna vulputate luctus cum sociis natoque penatibus,$104.48
507,"Shrimp, Dried, Small / Lb",velit vivamus vel nulla eget eros elementum pellentesque quisque porta volutpat erat quisque erat eros,$129.86
508,"Lemonade - Natural, 591 Ml",dui luctus rutrum nulla tellus in sagittis dui vel,$120.18
509,Carbonated Water - Wildberry,neque duis bibendum morbi non quam,$3.78
510,Lime Cordial - Roses,orci nullam molestie nibh in lectus pellentesque at nulla,$132.45
511,Cake - Sheet Strawberry,maecenas leo odio condimentum id,$105.84
512,"Carrots - Purple, Organic",quam suspendisse potenti nullam porttitor lacus at turpis donec posuere metus vitae ipsum aliquam non,$189.42
513,Blue Curacao - Marie Brizard,vel lectus in quam fringilla rhoncus,$167.01
514,Grapes - Green,ut blandit non interdum in ante vestibulum,$22.82
515,Appetizer - Veg Assortment,proin risus praesent lectus vestibulum quam sapien varius ut,$55.45
516,Cumin - Ground,tortor quis turpis sed ante vivamus tortor duis mattis egestas metus aenean fermentum donec,$94.09
517,"Yeast - Fresh, Fleischman",sit amet diam in magna bibendum imperdiet nullam orci pede venenatis,$159.36
518,Cheese - Wine,eget semper rutrum nulla nunc purus phasellus in felis,$176.18
519,Pasta - Fusili Tri - Coloured,ipsum integer a nibh in quis justo maecenas rhoncus,$45.11
520,"Apple - Delicious, Red",volutpat in congue etiam justo etiam pretium iaculis,$49.74
521,"Wine - White, Gewurtzraminer",mollis molestie lorem quisque ut erat curabitur gravida nisi at nibh,$196.96
522,Appetizer - Smoked Salmon / Dill,magna vulputate luctus cum sociis natoque penatibus et magnis dis parturient montes nascetur ridiculus mus,$115.97
523,"Lamb - Leg, Boneless",dui vel sem sed sagittis nam,$181.29
524,"Quail - Whole, Boneless",ut blandit non interdum in ante,$159.55
525,Sprouts - Peppercress,mattis egestas metus aenean fermentum donec,$138.91
526,Onions - Cooking,massa id lobortis convallis tortor risus dapibus augue vel accumsan tellus nisi,$102.40
527,"Beef - Rib Roast, Capless",proin leo odio porttitor id consequat in consequat ut nulla sed accumsan felis ut,$52.49
528,Pork - Hock And Feet Attached,rhoncus aliquam lacus morbi quis tortor id nulla ultrices,$71.94
529,Sambuca Cream,ut mauris eget massa tempor convallis nulla neque libero convallis,$122.28
530,Wine - Crozes Hermitage E.,cubilia curae mauris viverra diam,$93.15
531,Allspice - Jamaican,viverra pede ac diam cras pellentesque volutpat dui maecenas,$53.51
532,"Beans - Black Bean, Preserved",quam suspendisse potenti nullam porttitor lacus at turpis donec posuere metus,$180.54
533,Hand Towel,ultrices erat tortor sollicitudin mi sit amet,$198.27
534,"Wine - Red, Metus Rose",ac est lacinia nisi venenatis tristique fusce congue,$164.76
535,Cake - Pancake,tincidunt ante vel ipsum praesent blandit lacinia erat vestibulum sed,$135.95
536,Table Cloth 62x120 White,vulputate justo in blandit ultrices,$184.29
537,Drambuie,eget rutrum at lorem integer tincidunt ante vel ipsum praesent,$189.12
538,Peppercorns - Green,blandit lacinia erat vestibulum sed magna,$39.21
539,Fudge - Cream Fudge,nunc nisl duis bibendum felis,$153.72
540,Cleaner - Comet,ipsum praesent blandit lacinia erat vestibulum sed magna at nunc commodo placerat praesent,$169.73
541,Liquid Aminios Acid - Braggs,justo in blandit ultrices enim lorem ipsum dolor sit amet consectetuer adipiscing,$49.48
542,Muffin - Zero Transfat,etiam faucibus cursus urna ut tellus nulla ut erat id mauris vulputate elementum,$141.82
543,Veal - Insides Provini,odio consequat varius integer ac leo pellentesque ultrices mattis odio donec vitae nisi,$57.78
544,"Mushroom - Morels, Dry",erat curabitur gravida nisi at nibh in hac habitasse platea,$167.86
545,Wine - Soave Folonari,in faucibus orci luctus et ultrices posuere cubilia curae nulla,$185.34
546,Cookies - Amaretto,elementum in hac habitasse platea dictumst morbi vestibulum velit id pretium iaculis diam,$33.97
547,Foie Gras,sed justo pellentesque viverra pede ac diam cras pellentesque,$70.35
548,Lid Coffee Cup 8oz Blk,vivamus vel nulla eget eros elementum pellentesque quisque porta volutpat erat quisque,$168.30
549,Orange - Blood,risus semper porta volutpat quam,$24.06
550,Dehydrated Kelp Kombo,in blandit ultrices enim lorem ipsum dolor sit amet consectetuer adipiscing elit proin interdum mauris,$87.24
551,Shrimp - Prawn,luctus nec molestie sed justo pellentesque viverra,$66.82
552,Soup - Campbells Chicken,quisque ut erat curabitur gravida,$98.40
553,Wine - Dubouef Macon - Villages,volutpat sapien arcu sed augue aliquam erat volutpat in congue etiam justo etiam pretium,$50.56
554,Seabream Whole Farmed,sapien dignissim vestibulum vestibulum ante ipsum primis in faucibus orci luctus et ultrices,$47.40
555,Cheese - Pont Couvert,sapien cursus vestibulum proin eu mi nulla ac enim in tempor turpis,$65.60
556,Lettuce - Green Leaf,pede malesuada in imperdiet et commodo vulputate justo,$187.90
557,Coffee - Almond Amaretto,viverra dapibus nulla suscipit ligula in lacus curabitur at ipsum ac tellus semper interdum,$36.04
558,Sobe - Green Tea,viverra pede ac diam cras pellentesque volutpat dui maecenas tristique,$26.57
559,Aspic - Clear,commodo vulputate justo in blandit ultrices enim lorem ipsum dolor sit amet consectetuer adipiscing elit,$25.55
560,Rice - Jasmine Sented,quis libero nullam sit amet turpis elementum ligula vehicula consequat,$13.53
561,Chervil - Fresh,mus vivamus vestibulum sagittis sapien cum sociis natoque penatibus,$6.97
562,"Wine - Bourgogne 2002, La",at velit vivamus vel nulla,$28.00
563,Magnotta Bel Paese Red,at nunc commodo placerat praesent blandit nam nulla integer pede justo lacinia eget tincidunt eget,$82.66
564,Pie Box - Cello Window 2.5,posuere metus vitae ipsum aliquam non mauris morbi non,$127.29
565,Butter Ripple - Phillips,molestie nibh in lectus pellentesque at nulla suspendisse,$59.95
566,Alize Sunset,sit amet consectetuer adipiscing elit proin risus praesent lectus vestibulum quam sapien varius ut blandit,$40.79
567,Wine - Chablis 2003 Champs,nullam porttitor lacus at turpis donec posuere metus vitae ipsum aliquam,$180.87
568,"Cheese - Boursin, Garlic / Herbs",non mauris morbi non lectus aliquam sit amet diam,$198.75
569,Beets - Mini Golden,vestibulum rutrum rutrum neque aenean auctor gravida sem praesent id massa,$193.53
570,Wine - Alsace Gewurztraminer,posuere felis sed lacus morbi sem,$63.35
571,Taro Root,pede venenatis non sodales sed tincidunt eu felis fusce posuere,$111.34
572,Chocolate - Dark Callets,nibh quisque id justo sit,$149.57
573,Tomatoes - Heirloom,a libero nam dui proin leo odio,$175.85
574,Flavouring Vanilla Artificial,aliquam erat volutpat in congue etiam justo etiam pretium iaculis,$125.45
575,Sardines,consectetuer adipiscing elit proin interdum mauris non ligula pellentesque ultrices phasellus id sapien in sapien,$49.78
576,Sour Puss Sour Apple,orci mauris lacinia sapien quis libero nullam sit amet turpis elementum ligula vehicula consequat morbi,$71.03
577,Wood Chips - Regular,dui proin leo odio porttitor id consequat in consequat ut,$83.79
578,Lid - 0090 Clear,vitae mattis nibh ligula nec sem duis aliquam convallis nunc proin at turpis,$183.08
579,Pepper - Sorrano,curae donec pharetra magna vestibulum aliquet ultrices erat tortor sollicitudin,$77.17
580,Wine - Barbera Alba Doc 2001,id massa id nisl venenatis,$150.93
581,Gatorade - Cool Blue Raspberry,adipiscing elit proin interdum mauris non ligula pellentesque ultrices phasellus id,$11.30
582,Cookie Choc,primis in faucibus orci luctus et ultrices posuere cubilia curae,$72.95
583,Longos - Lasagna Veg,viverra dapibus nulla suscipit ligula in lacus curabitur at ipsum ac tellus semper,$61.75
584,Table Cloth 54x54 White,pulvinar sed nisl nunc rhoncus,$71.56
585,"Appetizer - Spring Roll, Veg",primis in faucibus orci luctus et ultrices posuere,$95.03
586,External Supplier,mauris lacinia sapien quis libero nullam sit amet,$69.25
587,Ham - Procutinni,tortor duis mattis egestas metus aenean fermentum donec ut mauris eget,$78.36
588,Eggwhite Frozen,tristique est et tempus semper est quam,$113.44
589,Crab - Soft Shell,cras pellentesque volutpat dui maecenas tristique est et tempus,$186.41
590,Veal - Insides Provini,vel lectus in quam fringilla,$50.39
591,Schnappes Peppermint - Walker,sagittis nam congue risus semper porta volutpat quam pede lobortis ligula,$28.60
592,Canada Dry,lacus curabitur at ipsum ac tellus semper interdum,$12.54
593,"Doilies - 7, Paper",nulla suscipit ligula in lacus curabitur at,$88.41
594,"Pasta - Elbows, Macaroni, Dry",cum sociis natoque penatibus et,$187.73
595,Lettuce - Lolla Rosa,cras pellentesque volutpat dui maecenas tristique est et tempus semper est quam pharetra magna ac,$170.24
596,"Doilies - 12, Paper",et ultrices posuere cubilia curae nulla dapibus dolor vel,$93.83
597,"Beans - Black Bean, Dry",quisque arcu libero rutrum ac lobortis vel dapibus at,$184.64
598,Longos - Chicken Wings,amet consectetuer adipiscing elit proin risus praesent lectus vestibulum,$183.07
599,Rosemary - Dry,ipsum primis in faucibus orci luctus et,$44.95
600,"Wine - White, Cooking",pede morbi porttitor lorem id ligula suspendisse ornare consequat lectus in est risus auctor,$32.31
601,Salt - Kosher,aliquet pulvinar sed nisl nunc rhoncus dui vel sem sed sagittis,$147.18
602,Garam Marsala,massa volutpat convallis morbi odio odio elementum eu interdum eu,$129.54
603,"Soup - Cream Of Broccoli, Dry",cum sociis natoque penatibus et magnis dis,$28.86
604,"Beef - Baby, Liver",molestie sed justo pellentesque viverra pede ac diam cras pellentesque volutpat dui,$140.20
605,Bandage - Finger Cots,nam congue risus semper porta volutpat quam pede lobortis ligula sit,$113.53
606,Quinoa,tellus semper interdum mauris ullamcorper purus sit amet nulla quisque arcu libero rutrum,$198.92
607,Carbonated Water - Cherry,morbi a ipsum integer a nibh in quis justo maecenas rhoncus aliquam lacus,$66.47
608,Beans - Wax,vulputate luctus cum sociis natoque penatibus et magnis dis parturient,$143.44
609,Island Oasis - Pina Colada,vulputate vitae nisl aenean lectus pellentesque eget nunc donec quis orci eget orci,$165.88
610,Waffle Stix,elementum pellentesque quisque porta volutpat erat quisque erat eros viverra eget congue eget semper rutrum,$78.87
611,Oil - Sesame,augue luctus tincidunt nulla mollis molestie lorem quisque ut erat curabitur,$112.84
612,Soup - Base Broth Beef,donec ut dolor morbi vel lectus in quam fringilla rhoncus mauris enim,$92.22
613,"Chilli Paste, Ginger Garlic",quisque ut erat curabitur gravida nisi at nibh in hac habitasse platea dictumst,$169.91
614,Energy Drink Bawls,integer pede justo lacinia eget tincidunt,$154.93
615,Dc - Sakura Fu,eu felis fusce posuere felis sed lacus morbi sem mauris laoreet ut rhoncus aliquet,$168.19
616,Coffee - Cafe Moreno,maecenas leo odio condimentum id luctus nec molestie sed justo pellentesque,$183.15
617,Cheese - Comtomme,sem sed sagittis nam congue risus,$100.24
618,"Crab - Dungeness, Whole, live",in hac habitasse platea dictumst maecenas ut massa quis augue luctus,$101.24
619,Chinese Foods - Chicken Wing,at turpis donec posuere metus vitae ipsum aliquam non mauris morbi non lectus,$120.55
620,Wine - Carmenere Casillero Del,eu nibh quisque id justo sit amet sapien,$195.84
621,"Veal - Brisket, Provimi, Bone - In",porta volutpat erat quisque erat eros viverra eget congue eget semper rutrum nulla nunc,$77.58
622,"Seedlings - Mix, Organic",eu mi nulla ac enim,$139.21
623,Mousse - Banana Chocolate,nec nisi vulputate nonummy maecenas tincidunt lacus at velit vivamus vel nulla,$15.72
624,"Fish - Scallops, Cold Smoked",neque sapien placerat ante nulla justo aliquam,$87.49
625,"Soup - Campbells, Butternut",donec quis orci eget orci vehicula condimentum curabitur in libero ut massa,$107.00
626,Bag - Clear 7 Lb,ipsum primis in faucibus orci luctus et ultrices posuere cubilia curae,$142.01
627,"Rum - Coconut, Malibu",ac nulla sed vel enim sit amet nunc viverra dapibus nulla suscipit ligula in lacus,$53.35
628,Hipnotiq Liquor,odio justo sollicitudin ut suscipit a feugiat et eros vestibulum ac,$101.26
629,Ecolab Silver Fusion,vestibulum quam sapien varius ut blandit non interdum in ante vestibulum,$137.27
630,Cassis,donec dapibus duis at velit eu est congue elementum in hac habitasse,$131.05
631,"Turkey - Breast, Smoked",odio elementum eu interdum eu tincidunt in leo maecenas pulvinar lobortis est phasellus sit,$138.27
632,"Soup - Knorr, Ministrone",in hac habitasse platea dictumst aliquam augue quam sollicitudin vitae consectetuer,$80.01
633,English Muffin,consequat morbi a ipsum integer a nibh in quis,$96.67
634,"Lamb - Shoulder, Boneless",id turpis integer aliquet massa id lobortis convallis tortor risus dapibus augue,$47.55
635,"Beans - Long, Chinese",enim sit amet nunc viverra dapibus nulla suscipit ligula in lacus curabitur,$94.42
636,"Cheese - Havarti, Salsa",nulla eget eros elementum pellentesque quisque porta volutpat erat quisque erat eros viverra eget congue,$88.99
637,"Extract - Vanilla,artificial",id nulla ultrices aliquet maecenas,$33.79
638,Soup - Tomato Mush. Florentine,pretium iaculis diam erat fermentum justo,$173.09
639,Sunflower Seed Raw,libero quis orci nullam molestie nibh in lectus pellentesque at nulla suspendisse,$3.47
640,Cookies Cereal Nut,in est risus auctor sed tristique in tempus sit,$49.13
641,"Wine - Bourgogne 2002, La",leo odio porttitor id consequat in consequat,$77.82
642,Puff Pastry - Sheets,eget vulputate ut ultrices vel,$67.62
643,Petit Baguette,sed sagittis nam congue risus semper porta volutpat quam pede,$55.44
644,Rosemary - Dry,at dolor quis odio consequat varius integer ac leo,$46.95
645,Sachet,rutrum nulla tellus in sagittis dui vel nisl duis ac nibh fusce lacus purus aliquet,$170.87
646,Vinegar - Tarragon,bibendum morbi non quam nec dui luctus rutrum nulla tellus in sagittis dui vel,$30.32
647,Flax Seed,a odio in hac habitasse platea dictumst maecenas ut massa quis augue,$82.82
648,Silicone Paper 16.5x24,augue vestibulum rutrum rutrum neque aenean auctor,$171.74
649,Muffin - Mix - Strawberry Rhubarb,sapien sapien non mi integer ac neque duis,$132.11
650,"Pasta - Linguini, Dry",id nulla ultrices aliquet maecenas leo odio condimentum id luctus,$62.00
651,Tea - Honey Green Tea,augue quam sollicitudin vitae consectetuer eget rutrum at lorem integer tincidunt ante vel,$95.81
652,"Pork - Bacon,back Peameal",aenean lectus pellentesque eget nunc donec quis orci,$183.05
653,Steam Pan - Half Size Deep,sem fusce consequat nulla nisl nunc nisl duis bibendum felis,$171.81
654,"Veal - Inside Round / Top, Lean",dapibus augue vel accumsan tellus nisi eu orci mauris lacinia sapien,$107.22
655,Pepper - Cubanelle,nibh in lectus pellentesque at nulla suspendisse potenti cras,$90.11
656,Nut - Macadamia,in blandit ultrices enim lorem ipsum dolor sit,$39.24
657,"Bread - Dark Rye, Loaf",ultrices posuere cubilia curae nulla dapibus dolor vel est donec,$33.63
658,"Lamb - Loin, Trimmed, Boneless",nam congue risus semper porta volutpat quam pede lobortis ligula sit amet eleifend pede libero,$57.42
659,Bread Base - Italian,interdum in ante vestibulum ante ipsum primis in faucibus orci luctus et,$30.25
660,Salt - Kosher,lacinia eget tincidunt eget tempus vel pede morbi porttitor lorem id ligula,$62.12
661,Wine - Maipo Valle Cabernet,phasellus sit amet erat nulla,$141.84
662,Higashimaru Usukuchi Soy,luctus et ultrices posuere cubilia curae mauris viverra diam vitae,$66.05
663,Lidsoupcont Rp12dn,sit amet nulla quisque arcu libero rutrum ac lobortis vel dapibus at,$199.81
664,Sugar - Monocystal / Rock,sed sagittis nam congue risus semper porta volutpat quam pede lobortis,$77.53
665,Oil - Safflower,amet turpis elementum ligula vehicula consequat morbi a,$36.03
666,Container Clear 8 Oz,tincidunt lacus at velit vivamus vel nulla eget eros,$179.44
667,Eggroll,ante ipsum primis in faucibus orci luctus et ultrices posuere cubilia curae duis faucibus,$180.54
668,Lamb Rack - Ontario,ut mauris eget massa tempor convallis nulla neque libero convallis eget eleifend,$3.45
669,"Pasta - Rotini, Colour, Dry",fusce congue diam id ornare imperdiet sapien urna pretium nisl,$160.23
670,"Tart Shells - Savory, 2",tortor sollicitudin mi sit amet lobortis sapien sapien non mi integer ac neque duis,$113.69
671,Cheese - Goat With Herbs,potenti cras in purus eu magna vulputate luctus cum sociis natoque penatibus et magnis dis,$26.64
672,Devonshire Cream,in hac habitasse platea dictumst morbi vestibulum velit id pretium iaculis diam erat fermentum justo,$73.73
673,"Coconut - Creamed, Pure",luctus rutrum nulla tellus in sagittis dui vel nisl duis ac nibh fusce lacus purus,$121.88
674,Shrimp - Black Tiger 26/30,a libero nam dui proin leo odio porttitor id consequat in consequat ut nulla sed,$18.84
675,Apples - Sliced / Wedge,pellentesque at nulla suspendisse potenti cras,$182.78
676,Wine - Fat Bastard Merlot,nulla suspendisse potenti cras in purus eu magna vulputate luctus cum sociis,$44.02
677,Cheese - Parmigiano Reggiano,turpis eget elit sodales scelerisque mauris sit amet eros suspendisse accumsan tortor quis turpis,$25.38
678,Soup - Campbells,ante vivamus tortor duis mattis egestas metus aenean fermentum donec ut mauris eget massa,$142.87
679,Tomatoes - Yellow Hot House,sed vel enim sit amet nunc viverra dapibus nulla suscipit ligula in lacus curabitur,$116.90
680,Lettuce - Escarole,aliquam lacus morbi quis tortor id,$125.28
681,"Lettuce - Mini Greens, Whole",sed vestibulum sit amet cursus id,$175.50
682,Kellogs Special K Cereal,potenti cras in purus eu magna vulputate luctus cum sociis natoque,$24.80
683,Cabbage - Savoy,quis justo maecenas rhoncus aliquam lacus morbi quis tortor id nulla ultrices,$74.73
684,Sauce - Ranch Dressing,sapien placerat ante nulla justo aliquam quis turpis eget elit sodales,$73.85
685,Tea - Grapefruit Green Tea,sapien dignissim vestibulum vestibulum ante ipsum primis in faucibus orci luctus,$147.32
686,Peach - Fresh,diam vitae quam suspendisse potenti nullam porttitor lacus at turpis donec posuere metus vitae ipsum,$51.06
687,Marjoram - Fresh,vel sem sed sagittis nam congue risus semper,$34.16
688,Chocolate - Unsweetened,sapien iaculis congue vivamus metus arcu adipiscing molestie hendrerit,$58.15
689,Melon - Watermelon Yellow,posuere cubilia curae donec pharetra magna vestibulum,$40.72
690,Pomello,nisl duis bibendum felis sed interdum venenatis turpis enim blandit mi,$135.91
691,"Bread - Bagels, Plain",eget massa tempor convallis nulla neque libero convallis eget,$67.25
692,Beef - Ground Lean Fresh,in blandit ultrices enim lorem ipsum dolor sit amet consectetuer adipiscing elit proin interdum mauris,$62.80
693,Sesame Seed,duis aliquam convallis nunc proin at turpis a pede posuere nonummy integer non,$102.10
694,Juice - Apple 284ml,imperdiet et commodo vulputate justo in blandit ultrices enim lorem ipsum dolor sit,$7.80
695,Containter - 3oz Microwave Rect.,lectus in est risus auctor sed tristique in,$42.86
696,Arctic Char - Fillets,nisi volutpat eleifend donec ut dolor morbi,$167.45
697,Vinegar - Champagne,tortor risus dapibus augue vel accumsan tellus nisi eu orci mauris lacinia,$189.98
698,Egg Patty Fried,cubilia curae donec pharetra magna vestibulum aliquet,$87.93
699,Ice Cream - Turtles Stick Bar,consequat dui nec nisi volutpat eleifend,$170.61
700,Cranberry Foccacia,in felis eu sapien cursus vestibulum proin eu mi nulla ac enim,$79.55
701,Juice - Apple Cider,eu felis fusce posuere felis sed lacus,$199.76
702,"Potatoes - Instant, Mashed",et magnis dis parturient montes nascetur ridiculus mus etiam vel,$113.79
703,"Pork - Bacon,back Peameal",justo morbi ut odio cras mi,$119.56
704,Tea - Orange Pekoe,sit amet consectetuer adipiscing elit proin risus,$34.50
705,Liqueur - Melon,fusce congue diam id ornare imperdiet sapien urna pretium nisl ut volutpat,$102.22
706,Sole - Fillet,luctus rutrum nulla tellus in sagittis dui vel nisl duis ac nibh fusce,$186.42
707,Duck - Legs,donec posuere metus vitae ipsum aliquam non mauris morbi,$23.71
708,Yoghurt Tubes,nunc viverra dapibus nulla suscipit ligula,$182.91
709,Pails With Lids,turpis eget elit sodales scelerisque mauris,$31.52
710,Muffin Mix - Carrot,neque vestibulum eget vulputate ut ultrices vel augue vestibulum ante ipsum primis in,$145.23
711,Vodka - Smirnoff,viverra eget congue eget semper rutrum nulla nunc purus phasellus,$77.86
712,Oil - Coconut,blandit mi in porttitor pede justo eu massa donec dapibus,$76.72
713,Cheese - Le Cru Du Clocher,vivamus vel nulla eget eros elementum pellentesque quisque porta volutpat erat quisque erat eros,$24.29
714,Creamers - 10%,sit amet lobortis sapien sapien non mi integer ac,$78.61
715,Currants,quis tortor id nulla ultrices aliquet,$135.32
716,"Wine - Red, Pinot Noir, Chateau",pellentesque at nulla suspendisse potenti cras in,$195.02
717,Sauce - Soy Low Sodium - 3.87l,eros vestibulum ac est lacinia nisi venenatis tristique,$157.08
718,Container - Hngd Cll Blk 7x7x3,luctus nec molestie sed justo pellentesque viverra pede ac diam cras pellentesque volutpat dui maecenas,$94.37
719,Scallops - 20/30,pede posuere nonummy integer non velit donec diam neque vestibulum eget vulputate ut ultrices vel,$112.61
720,Wine - Ruffino Chianti,luctus cum sociis natoque penatibus et magnis dis parturient,$31.86
721,Wasabi Powder,convallis morbi odio odio elementum eu interdum,$166.57
722,Dill Weed - Dry,ipsum integer a nibh in quis justo maecenas rhoncus aliquam lacus,$134.31
723,Mushroom Morel Fresh,aliquet maecenas leo odio condimentum id luctus nec molestie,$9.92
724,Beef - Tender Tips,ut massa volutpat convallis morbi odio odio elementum,$149.60
725,Cookies - Englishbay Chochip,ligula nec sem duis aliquam convallis nunc proin at turpis a pede posuere nonummy,$64.10
726,Snapple Raspberry Tea,vitae nisi nam ultrices libero non mattis pulvinar nulla,$16.13
727,Foam Espresso Cup Plain White,nulla nunc purus phasellus in felis donec semper sapien a libero,$185.26
728,Momiji Oroshi Chili Sauce,gravida nisi at nibh in hac habitasse platea dictumst aliquam augue quam,$31.06
729,Corn Syrup,nisi vulputate nonummy maecenas tincidunt lacus,$116.28
730,Shallots,orci eget orci vehicula condimentum curabitur in,$27.95
731,Saskatoon Berries - Frozen,cursus id turpis integer aliquet massa id lobortis convallis tortor risus dapibus augue vel accumsan,$138.79
732,Quinoa,nibh quisque id justo sit amet sapien dignissim vestibulum vestibulum ante ipsum primis,$9.93
733,Cheese - Swiss Sliced,imperdiet sapien urna pretium nisl ut volutpat sapien arcu,$30.47
734,"Mushroom - Trumpet, Dry",sapien sapien non mi integer ac,$130.93
735,Soup - Chicken And Wild Rice,ligula vehicula consequat morbi a ipsum integer a nibh,$89.16
736,Samosa - Veg,quam sapien varius ut blandit non interdum in ante vestibulum ante ipsum primis in,$59.71
737,Rice - Sushi,nulla eget eros elementum pellentesque quisque porta volutpat,$59.53
738,Mortadella,aliquet ultrices erat tortor sollicitudin mi sit amet lobortis sapien sapien non,$25.97
739,Cafe Royale,parturient montes nascetur ridiculus mus etiam vel augue vestibulum,$102.62
740,Pork - Inside,mauris viverra diam vitae quam suspendisse potenti nullam porttitor lacus at turpis,$42.67
741,Table Cloth 62x114 Colour,ipsum aliquam non mauris morbi non lectus aliquam sit,$102.53
742,"Lobster - Tail, 3 - 4 Oz",hac habitasse platea dictumst etiam faucibus cursus urna ut,$171.94
743,Frangelico,faucibus orci luctus et ultrices posuere cubilia curae,$103.62
744,Spice - Chili Powder Mexican,erat tortor sollicitudin mi sit amet lobortis sapien sapien non mi integer,$188.16
745,Asparagus - Mexican,tortor risus dapibus augue vel accumsan tellus nisi eu orci mauris lacinia sapien quis,$170.44
746,Curry Powder,sit amet consectetuer adipiscing elit proin risus praesent lectus vestibulum quam sapien varius ut blandit,$182.50
747,Icecream Cone - Areo Chocolate,eget nunc donec quis orci eget orci vehicula condimentum curabitur in libero ut massa volutpat,$149.05
748,Tart - Pecan Butter Squares,cursus vestibulum proin eu mi nulla ac enim in tempor turpis nec,$130.23
749,Tomato Puree,tincidunt lacus at velit vivamus vel nulla eget eros elementum pellentesque quisque porta volutpat erat,$196.78
750,Sloe Gin - Mcguinness,mauris ullamcorper purus sit amet nulla quisque arcu libero rutrum ac,$19.69
751,Calypso - Pineapple Passion,ante vel ipsum praesent blandit lacinia erat vestibulum sed magna at,$136.42
752,Baking Soda,blandit mi in porttitor pede justo eu massa,$24.97
753,"Turkey - Breast, Boneless Sk On",vulputate nonummy maecenas tincidunt lacus at velit vivamus vel nulla eget eros elementum pellentesque,$89.20
754,Bread - Pain Au Liat X12,etiam vel augue vestibulum rutrum rutrum neque aenean auctor gravida,$176.27
755,Spic And Span All Purpose,pellentesque at nulla suspendisse potenti cras in purus eu magna,$125.77
756,"Nut - Almond, Blanched, Sliced",sapien arcu sed augue aliquam erat volutpat in,$24.21
757,Sausage - Breakfast,nascetur ridiculus mus etiam vel augue vestibulum rutrum rutrum neque aenean auctor gravida sem praesent,$74.71
758,Sour Puss - Tangerine,duis bibendum morbi non quam nec dui luctus rutrum,$4.95
759,"Wine - Magnotta, Merlot Sr Vqa",ut nulla sed accumsan felis ut at dolor quis odio consequat varius integer ac leo,$80.03
760,"Yogurt - Peach, 175 Gr",suscipit ligula in lacus curabitur at ipsum ac tellus semper interdum mauris ullamcorper purus sit,$122.88
761,Wine - Gewurztraminer Pierre,ut tellus nulla ut erat id,$182.73
762,Gingerale - Diet - Schweppes,scelerisque mauris sit amet eros suspendisse accumsan tortor quis turpis sed ante vivamus,$65.22
763,Pastry - Lemon Danish - Mini,ultrices aliquet maecenas leo odio condimentum id luctus nec molestie,$39.51
764,Tia Maria,est et tempus semper est,$148.43
765,Onions - Cooking,consequat lectus in est risus auctor,$192.94
766,Mussels - Cultivated,integer ac leo pellentesque ultrices mattis odio donec vitae,$102.16
767,Food Colouring - Blue,amet eleifend pede libero quis orci,$150.27
768,Beer - Tetleys,curae donec pharetra magna vestibulum aliquet ultrices erat tortor sollicitudin mi,$158.17
769,Sage - Ground,amet eleifend pede libero quis orci nullam molestie,$20.34
770,Lettuce - Lambs Mash,in eleifend quam a odio in hac habitasse,$149.66
771,Banana,convallis eget eleifend luctus ultricies eu nibh quisque id justo sit amet,$75.41
772,Tomatoes - Orange,amet turpis elementum ligula vehicula consequat morbi a ipsum integer a nibh,$96.54
773,"Crab - Claws, Snow 16 - 24",pellentesque volutpat dui maecenas tristique est et tempus,$45.38
774,Corn - Mini,luctus ultricies eu nibh quisque,$188.51
775,Lettuce - Belgian Endive,quis orci nullam molestie nibh in lectus pellentesque at nulla suspendisse potenti cras in,$25.62
776,Truffle Cups Green,vulputate luctus cum sociis natoque penatibus et,$115.87
777,Beef - Top Sirloin,libero non mattis pulvinar nulla pede ullamcorper augue a suscipit,$107.56
778,Kellogs Special K Cereal,aenean lectus pellentesque eget nunc donec quis orci eget orci vehicula condimentum,$93.49
779,Pears - Bosc,posuere cubilia curae donec pharetra magna vestibulum aliquet ultrices erat tortor sollicitudin mi,$194.03
780,Toothpick Frilled,fermentum donec ut mauris eget massa tempor convallis nulla,$25.26
781,"Soup - Campbells, Lentil",leo odio condimentum id luctus nec molestie sed justo pellentesque viverra pede ac diam cras,$6.40
782,Buffalo - Striploin,quisque arcu libero rutrum ac lobortis vel dapibus at diam,$113.81
783,"Salt - Rock, Course",risus praesent lectus vestibulum quam,$29.18
784,Chips - Assorted,mauris laoreet ut rhoncus aliquet pulvinar sed nisl nunc rhoncus dui vel sem sed,$41.05
785,Compound - Mocha,neque vestibulum eget vulputate ut ultrices vel augue vestibulum ante ipsum primis,$63.07
786,Sour Puss - Tangerine,convallis duis consequat dui nec,$9.46
787,Blouse / Shirt / Sweater,venenatis tristique fusce congue diam id ornare imperdiet sapien,$44.47
788,Brandy Apricot,id sapien in sapien iaculis,$160.80
789,Aromat Spice / Seasoning,at nibh in hac habitasse,$35.10
790,Soup - Campbells Asian Noodle,penatibus et magnis dis parturient montes nascetur ridiculus mus vivamus vestibulum,$28.74
791,Appetizer - Asian Shrimp Roll,volutpat eleifend donec ut dolor,$161.23
792,Wine - Chenin Blanc K.w.v.,sapien quis libero nullam sit amet turpis elementum ligula vehicula consequat morbi a ipsum,$10.94
793,Wine - Vovray Sec Domaine Huet,nisi vulputate nonummy maecenas tincidunt lacus at velit vivamus vel nulla eget eros elementum pellentesque,$77.70
794,Muffin - Mix - Strawberry Rhubarb,euismod scelerisque quam turpis adipiscing lorem vitae mattis nibh ligula nec sem duis aliquam,$135.36
795,Soy Protein,eleifend luctus ultricies eu nibh quisque id justo sit,$164.78
796,Cheese - Valancey,risus dapibus augue vel accumsan tellus nisi eu orci mauris lacinia sapien quis,$91.09
797,Chicken Breast Wing On,a suscipit nulla elit ac nulla sed vel enim sit amet nunc viverra dapibus,$77.18
798,Pie Filling - Cherry,a libero nam dui proin leo odio,$53.56
799,Bacardi Breezer - Tropical,suspendisse potenti in eleifend quam a odio in hac habitasse platea dictumst,$120.65
800,Dr. Pepper - 355ml,tristique fusce congue diam id ornare imperdiet sapien urna pretium nisl ut volutpat sapien,$183.51
801,Spice - Greek 1 Step,consectetuer adipiscing elit proin interdum mauris non ligula pellentesque ultrices phasellus id sapien in,$130.45
802,Garbage Bags - Black,venenatis turpis enim blandit mi in porttitor pede justo,$133.55
803,Soup - Campbells Tomato Ravioli,nunc nisl duis bibendum felis sed interdum venenatis turpis enim blandit,$199.84
804,Mace Ground,proin interdum mauris non ligula pellentesque ultrices phasellus id,$85.41
805,Chef Hat 25cm,sit amet consectetuer adipiscing elit proin risus,$9.78
806,Vanilla Beans,in tempus sit amet sem fusce consequat,$150.00
807,Apron,ligula vehicula consequat morbi a ipsum,$19.19
808,Tea - Vanilla Chai,mauris ullamcorper purus sit amet nulla quisque arcu libero rutrum ac lobortis vel dapibus,$45.81
809,Chinese Foods - Pepper Beef,in sapien iaculis congue vivamus metus arcu adipiscing molestie hendrerit at vulputate vitae nisl aenean,$83.19
810,Lettuce - Sea / Sea Asparagus,sapien arcu sed augue aliquam,$23.94
811,Kolrabi,nec dui luctus rutrum nulla tellus in sagittis,$180.75
812,Apple - Macintosh,quis augue luctus tincidunt nulla mollis molestie lorem quisque,$190.40
813,Wine - Semi Dry Riesling Vineland,in faucibus orci luctus et ultrices posuere cubilia curae donec pharetra,$24.92
814,Chef Hat 20cm,nec condimentum neque sapien placerat ante nulla justo aliquam quis,$168.02
815,Bay Leaf Ground,suspendisse potenti in eleifend quam a,$169.50
816,Pate - Liver,integer aliquet massa id lobortis convallis tortor risus,$142.87
817,Veal - Leg,tortor risus dapibus augue vel accumsan tellus nisi eu orci,$158.95
818,Pastry - Key Limepoppy Seed Tea,in felis donec semper sapien a libero nam dui proin leo,$26.98
819,"Mushroom - Enoki, Fresh",lectus pellentesque eget nunc donec quis orci eget orci vehicula condimentum curabitur,$61.65
820,"Trout - Rainbow, Frozen",odio porttitor id consequat in consequat ut nulla sed accumsan felis ut at dolor quis,$109.83
821,Frangelico,eu massa donec dapibus duis at velit eu est congue,$177.02
822,Beer - Blue,sapien a libero nam dui proin leo odio porttitor id consequat in,$41.92
823,Flour Dark Rye,erat vestibulum sed magna at nunc commodo placerat praesent blandit nam nulla integer pede,$189.27
824,"Mop Head - Cotton, 24 Oz",lorem id ligula suspendisse ornare consequat lectus in est risus auctor sed tristique in tempus,$117.46
825,"Wine - Red, Harrow Estates, Cab",sem praesent id massa id nisl venenatis lacinia aenean sit amet,$157.91
826,Tea - Vanilla Chai,nulla integer pede justo lacinia eget tincidunt eget tempus vel pede morbi,$117.76
827,Beef - Top Butt Aaa,arcu sed augue aliquam erat volutpat in congue,$193.51
828,"Napkin - Beverge, White 2 - Ply",et tempus semper est quam pharetra magna ac consequat metus sapien ut nunc vestibulum ante,$115.07
829,"Nestea - Ice Tea, Diet",vestibulum sed magna at nunc commodo placerat praesent blandit nam nulla integer pede justo lacinia,$172.43
830,Nantucket Apple Juice,id luctus nec molestie sed justo pellentesque,$182.99
831,Soup Campbells Split Pea And Ham,amet nunc viverra dapibus nulla suscipit ligula,$124.95
832,Bread - Pita,mus etiam vel augue vestibulum rutrum rutrum neque,$82.29
833,"Lemonade - Mandarin, 591 Ml",tempus semper est quam pharetra,$153.81
834,Wine - Acient Coast Caberne,vel nulla eget eros elementum pellentesque quisque porta volutpat erat quisque erat eros viverra eget,$150.66
835,Bandage - Fexible 1x3,venenatis tristique fusce congue diam id ornare imperdiet sapien urna pretium,$57.95
836,Cream - 35%,sit amet diam in magna bibendum imperdiet nullam orci,$93.25
837,Soup Campbells - Italian Wedding,in hac habitasse platea dictumst maecenas ut massa quis augue luctus tincidunt,$169.05
838,Veal Inside - Provimi,ac lobortis vel dapibus at diam nam tristique tortor,$2.74
839,Pastry - Raisin Muffin - Mini,nisl duis bibendum felis sed interdum venenatis,$76.97
840,"Soup - Knorr, Country Bean",libero quis orci nullam molestie nibh in lectus pellentesque at nulla suspendisse potenti cras,$186.26
841,Bread - Hot Dog Buns,donec diam neque vestibulum eget vulputate ut,$54.60
842,Muffin Mix - Banana Nut,at velit eu est congue,$5.58
843,Soup Bowl Clear 8oz92008,feugiat non pretium quis lectus suspendisse potenti in eleifend quam a odio in hac,$93.02
844,Papayas,justo in blandit ultrices enim lorem ipsum dolor,$114.29
845,Pastry - Trippleberry Muffin - Mini,at dolor quis odio consequat varius integer ac leo pellentesque ultrices mattis odio,$115.97
846,Sambuca Cream,suspendisse potenti nullam porttitor lacus at,$154.15
847,Bok Choy - Baby,vestibulum velit id pretium iaculis diam erat fermentum justo nec condimentum neque sapien,$100.51
848,Peas - Frozen,urna pretium nisl ut volutpat sapien arcu,$0.03
849,Carbonated Water - Cherry,arcu sed augue aliquam erat volutpat,$192.55
850,Bread Bowl Plain,ullamcorper augue a suscipit nulla elit ac nulla,$178.72
851,Wine - Lamancha Do Crianza,congue diam id ornare imperdiet sapien urna pretium,$19.04
852,Soup Knorr Chili With Beans,vitae consectetuer eget rutrum at lorem integer tincidunt ante vel ipsum,$103.92
853,Noodles - Steamed Chow Mein,sit amet nulla quisque arcu libero rutrum ac,$189.50
854,Flour - Bread,diam vitae quam suspendisse potenti nullam porttitor lacus at turpis donec posuere metus,$86.28
855,Pastry - Banana Muffin - Mini,aliquam sit amet diam in magna bibendum imperdiet nullam orci pede venenatis non sodales sed,$143.94
856,Asparagus - Frozen,eu magna vulputate luctus cum sociis natoque penatibus,$111.41
857,Sauerkraut,consectetuer adipiscing elit proin risus praesent lectus vestibulum quam sapien varius ut,$190.85
858,Lemon Pepper,donec semper sapien a libero nam dui,$195.13
859,Lady Fingers,phasellus id sapien in sapien iaculis,$63.46
860,Contreau,justo nec condimentum neque sapien placerat ante,$182.45
861,Muffins - Assorted,at dolor quis odio consequat varius,$150.41
862,Beef - Inside Round,pellentesque ultrices mattis odio donec vitae nisi,$18.33
863,Flour - Rye,convallis duis consequat dui nec,$184.55
864,Pear - Packum,auctor sed tristique in tempus sit,$147.13
865,Garbage Bag - Clear,nulla mollis molestie lorem quisque ut,$28.80
866,"Chocolate - Milk, Callets",habitasse platea dictumst maecenas ut massa quis augue luctus,$32.11
867,"Seedlings - Mix, Organic",nisl venenatis lacinia aenean sit amet justo morbi ut odio,$76.44
868,Wine - Remy Pannier Rose,nisi at nibh in hac habitasse platea dictumst aliquam,$45.74
869,Mangoes,ipsum primis in faucibus orci luctus et ultrices,$194.63
870,Chocolate Bar - Oh Henry,eget orci vehicula condimentum curabitur in libero ut massa volutpat convallis morbi odio,$131.82
871,Wine - Duboeuf Beaujolais,nulla pede ullamcorper augue a suscipit,$124.43
872,Nori Sea Weed - Gold Label,felis fusce posuere felis sed lacus morbi sem mauris laoreet ut rhoncus,$69.67
873,Vodka - Moskovskaya,in est risus auctor sed tristique in tempus sit amet,$148.81
874,Coffee - Almond Amaretto,velit donec diam neque vestibulum eget vulputate ut ultrices vel augue vestibulum ante ipsum primis,$81.54
875,Melon - Honey Dew,etiam pretium iaculis justo in hac habitasse platea dictumst,$31.73
876,Sobe - Orange Carrot,et eros vestibulum ac est lacinia nisi venenatis tristique fusce congue,$165.16
877,Steampan - Lid For Half Size,feugiat non pretium quis lectus suspendisse potenti in,$124.59
878,"Cheese - Mozzarella, Shredded",sem fusce consequat nulla nisl nunc nisl duis bibendum felis sed interdum venenatis,$13.97
879,"Wine - White, Mosel Gold",nibh in hac habitasse platea,$6.07
880,"Cheese - Cheddar, Old White",sem praesent id massa id nisl venenatis lacinia aenean sit,$110.61
881,"Gingerale - Schweppes, 355 Ml",semper sapien a libero nam dui proin leo odio porttitor id consequat in consequat ut,$37.99
882,Langers - Ruby Red Grapfruit,id massa id nisl venenatis lacinia,$42.04
883,Chevere Logs,morbi a ipsum integer a nibh in quis justo,$10.71
884,"Coffee - Colombian, Portioned",hac habitasse platea dictumst maecenas ut massa,$78.81
885,Compound - Mocha,at velit vivamus vel nulla eget eros elementum pellentesque quisque porta volutpat erat quisque,$49.38
886,"Sauce - Soya, Dark",maecenas tincidunt lacus at velit vivamus vel nulla,$119.39
887,Grapefruit - Pink,tincidunt eget tempus vel pede morbi porttitor,$60.09
888,Bread Bowl Plain,hac habitasse platea dictumst etiam faucibus,$105.57
889,Tea Peppermint,faucibus orci luctus et ultrices posuere cubilia curae mauris viverra diam vitae quam suspendisse potenti,$182.24
890,"Veal - Brisket, Provimi, Bone - In",purus aliquet at feugiat non pretium quis lectus suspendisse potenti in eleifend quam a odio,$3.10
891,Quail Eggs - Canned,sem fusce consequat nulla nisl nunc,$165.69
892,Juice - Orange,ipsum primis in faucibus orci,$182.24
893,Munchies Honey Sweet Trail Mix,urna pretium nisl ut volutpat sapien arcu sed augue aliquam erat volutpat in congue etiam,$178.51
894,"Mop Head - Cotton, 24 Oz",orci nullam molestie nibh in lectus pellentesque at nulla suspendisse,$154.76
895,Shiratamako - Rice Flour,suspendisse accumsan tortor quis turpis sed ante vivamus tortor duis mattis,$13.47
896,Raspberries - Frozen,eleifend luctus ultricies eu nibh quisque,$133.19
897,Pepper - Orange,tempor convallis nulla neque libero convallis eget eleifend luctus ultricies eu nibh,$24.24
898,"Doilies - 7, Paper",tortor id nulla ultrices aliquet maecenas leo odio condimentum id,$118.60
899,"Lid - 10,12,16 Oz",ut mauris eget massa tempor convallis nulla neque libero convallis eget eleifend luctus ultricies,$135.71
900,Lemon Balm - Fresh,erat fermentum justo nec condimentum neque sapien placerat ante nulla justo aliquam quis turpis eget,$107.15
901,Anisette - Mcguiness,faucibus cursus urna ut tellus nulla ut erat,$101.03
902,Nantucket - Kiwi Berry Cktl.,natoque penatibus et magnis dis parturient montes nascetur ridiculus,$173.09
903,Cheese - Perron Cheddar,eu massa donec dapibus duis at velit eu est,$174.28
904,Pasta - Fusili Tri - Coloured,varius nulla facilisi cras non velit nec,$128.45
905,Fork - Plastic,erat id mauris vulputate elementum nullam varius nulla,$57.31
906,Wine - Zonnebloem Pinotage,placerat praesent blandit nam nulla integer pede justo lacinia eget tincidunt eget tempus vel pede,$194.98
907,Container - Clear 16 Oz,arcu sed augue aliquam erat volutpat,$2.92
908,"Chilli Paste, Sambal Oelek",tincidunt nulla mollis molestie lorem quisque ut erat curabitur gravida nisi at,$126.20
909,Garam Marsala,volutpat in congue etiam justo etiam pretium iaculis justo in hac habitasse,$68.16
910,Table Cloth 62x114 White,mauris enim leo rhoncus sed vestibulum sit amet cursus id turpis integer aliquet massa id,$21.20
911,Chocolate - Unsweetened,leo odio condimentum id luctus nec,$180.34
912,Wine - Clavet Saint Emilion,ornare consequat lectus in est risus auctor sed,$45.82
913,Cleaner - Pine Sol,lorem id ligula suspendisse ornare consequat lectus in est risus auctor sed tristique in,$188.63
914,Ecolab - Hand Soap Form Antibac,pede morbi porttitor lorem id ligula suspendisse ornare consequat lectus in est risus auctor sed,$81.98
915,Yoplait - Strawbrasp Peac,amet eleifend pede libero quis orci,$175.85
916,Pork - Backfat,eget orci vehicula condimentum curabitur in libero,$186.10
917,Sage Derby,faucibus accumsan odio curabitur convallis duis consequat,$126.25
918,Spring Roll Wrappers,auctor sed tristique in tempus sit amet sem fusce consequat nulla,$150.26
919,"Mushroom - Chanterelle, Dry",odio elementum eu interdum eu tincidunt in leo maecenas pulvinar lobortis est,$40.97
920,Tomatoes - Heirloom,nunc donec quis orci eget orci vehicula,$58.40
921,Cookies Oatmeal Raisin,dui vel nisl duis ac nibh fusce lacus purus aliquet at feugiat,$149.80
922,Scallops - 20/30,vestibulum ante ipsum primis in faucibus orci luctus et ultrices posuere cubilia curae mauris viverra,$169.90
923,Wine - Toasted Head,turpis integer aliquet massa id lobortis convallis tortor risus,$15.62
924,Beans - Kidney White,dolor sit amet consectetuer adipiscing elit proin interdum mauris non ligula pellentesque ultrices phasellus,$138.22
925,Coffee - Flavoured,duis aliquam convallis nunc proin at turpis a pede posuere nonummy integer,$98.14
926,Fenngreek Seed,venenatis turpis enim blandit mi,$59.08
927,Chips - Potato Jalapeno,augue quam sollicitudin vitae consectetuer eget rutrum at,$68.90
928,Lidsoupcont Rp12dn,proin risus praesent lectus vestibulum quam,$154.71
929,Muffins - Assorted,hac habitasse platea dictumst aliquam augue quam sollicitudin vitae consectetuer eget rutrum,$135.03
930,Wine - Periguita Fonseca,facilisi cras non velit nec nisi vulputate nonummy maecenas tincidunt lacus at velit vivamus,$14.25
931,Maintenance Removal Charge,nibh quisque id justo sit amet sapien dignissim vestibulum vestibulum ante ipsum primis in faucibus,$129.71
932,Beer - Muskoka Cream Ale,tincidunt lacus at velit vivamus vel nulla eget eros,$158.53
933,"Juice - V8, Tomato",scelerisque mauris sit amet eros suspendisse accumsan tortor quis turpis sed ante vivamus,$72.02
934,Isomalt,euismod scelerisque quam turpis adipiscing lorem vitae,$81.73
935,Myers Planters Punch,sed justo pellentesque viverra pede,$14.72
936,Artichokes - Jerusalem,montes nascetur ridiculus mus etiam vel augue vestibulum rutrum rutrum,$100.89
937,Tomato - Tricolor Cherry,vulputate elementum nullam varius nulla facilisi cras non velit nec nisi vulputate nonummy,$11.32
938,Grapes - Red,cursus vestibulum proin eu mi nulla ac enim in tempor turpis,$28.67
939,Oven Mitts 17 Inch,non sodales sed tincidunt eu felis fusce posuere felis sed lacus morbi sem,$176.64
940,Wine - Vouvray Cuvee Domaine,quisque porta volutpat erat quisque erat eros viverra eget,$99.38
941,Cod - Fillets,vulputate elementum nullam varius nulla facilisi cras non velit nec nisi vulputate nonummy maecenas tincidunt,$49.31
942,"Juice - Apple, 341 Ml",neque duis bibendum morbi non quam nec dui luctus rutrum,$47.11
943,Wine - Rubyport,nulla tellus in sagittis dui vel nisl duis ac nibh fusce lacus purus aliquet at,$184.45
944,Wine - Jackson Triggs Okonagan,justo sit amet sapien dignissim vestibulum vestibulum ante ipsum primis in,$76.00
945,Bread - Raisin,lacus morbi sem mauris laoreet ut,$102.66
946,Soup - Base Broth Chix,vitae quam suspendisse potenti nullam porttitor lacus at turpis donec posuere,$46.16
947,Rice - Aborio,justo sit amet sapien dignissim vestibulum vestibulum ante ipsum primis in faucibus orci luctus et,$58.05
948,"Bread - Rolls, Rye",vitae quam suspendisse potenti nullam porttitor lacus at turpis donec posuere metus vitae ipsum,$44.11
949,Cabbage Roll,turpis eget elit sodales scelerisque mauris sit amet eros suspendisse,$35.14
950,Sour Cream,lorem integer tincidunt ante vel ipsum,$88.27
951,Truffle Shells - White Chocolate,vestibulum vestibulum ante ipsum primis in faucibus orci luctus et ultrices posuere cubilia curae nulla,$181.69
952,Apple - Granny Smith,vestibulum ante ipsum primis in faucibus orci luctus et ultrices,$112.98
953,Cookies - Amaretto,ante ipsum primis in faucibus,$53.48
954,"Pork - Loin, Boneless",eget orci vehicula condimentum curabitur in libero ut massa volutpat convallis,$4.19
955,Lime Cordial - Roses,donec dapibus duis at velit,$65.19
956,Beef - Tender Tips,ac leo pellentesque ultrices mattis odio donec vitae nisi nam ultrices libero non mattis pulvinar,$43.23
957,Cheese - St. Andre,hac habitasse platea dictumst etiam faucibus cursus urna ut tellus nulla ut erat,$169.50
958,Lamb - Bones,vulputate elementum nullam varius nulla facilisi cras non velit,$92.67
959,Sauce Bbq Smokey,nulla ut erat id mauris vulputate elementum,$84.24
960,Wine - Acient Coast Caberne,donec pharetra magna vestibulum aliquet ultrices erat tortor sollicitudin mi sit amet lobortis sapien sapien,$145.17
961,Plate Foam Laminated 9in Blk,nisl duis ac nibh fusce lacus purus aliquet at,$118.44
962,Bread Bowl Plain,accumsan tellus nisi eu orci mauris lacinia sapien,$166.04
963,Foam Cup 6 Oz,curae duis faucibus accumsan odio,$198.83
964,Extract - Rum,ligula sit amet eleifend pede libero quis orci nullam molestie nibh in lectus pellentesque at,$110.94
965,Oil - Sesame,maecenas tristique est et tempus semper est quam pharetra magna ac consequat metus,$107.99
966,Muffin - Mix - Strawberry Rhubarb,vestibulum ante ipsum primis in faucibus orci luctus et ultrices,$188.00
967,Venison - Liver,hac habitasse platea dictumst etiam faucibus cursus urna ut tellus nulla ut erat id,$113.37
968,Wine - Magnotta - Bel Paese White,ante ipsum primis in faucibus orci luctus et ultrices posuere cubilia curae donec pharetra,$179.62
969,Blackberries,etiam vel augue vestibulum rutrum rutrum neque,$197.73
970,Flour Pastry Super Fine,mattis nibh ligula nec sem duis aliquam convallis nunc proin at turpis,$56.73
971,Eggplant Italian,vestibulum sit amet cursus id turpis integer aliquet massa id lobortis convallis tortor risus dapibus,$147.31
972,Chick Peas - Canned,ac nulla sed vel enim sit amet,$10.08
973,Grenadillo,eget tincidunt eget tempus vel pede morbi,$55.67
974,Pepper - Green Thai,venenatis turpis enim blandit mi in porttitor pede justo eu massa donec dapibus duis,$118.20
975,Cup - Paper 10oz 92959,posuere metus vitae ipsum aliquam non mauris morbi non,$30.17
976,"Juice - Apple, 1.36l",duis mattis egestas metus aenean fermentum donec ut mauris eget massa tempor convallis nulla neque,$151.50
977,"Placemat - Scallop, White",nec nisi volutpat eleifend donec ut dolor morbi vel lectus in quam,$54.51
978,"Lentils - Green, Dry",montes nascetur ridiculus mus etiam vel augue,$69.44
979,"Wine - White, Mosel Gold",dictumst morbi vestibulum velit id pretium iaculis diam erat fermentum justo,$196.32
980,Sansho Powder,in blandit ultrices enim lorem ipsum dolor sit amet consectetuer,$168.31
981,Tofu - Firm,amet sem fusce consequat nulla nisl,$19.07
982,Wine - Tribal Sauvignon,tellus in sagittis dui vel nisl duis ac,$142.70
983,Bread - French Stick,libero quis orci nullam molestie,$150.80
984,Pepper - Green,vivamus tortor duis mattis egestas metus,$131.64
985,Beans - Fava Fresh,nulla pede ullamcorper augue a suscipit nulla elit ac nulla sed,$123.13
986,"Salmon - Atlantic, No Skin",sapien quis libero nullam sit amet turpis,$189.87
987,Soup - Campbells Beef Stew,potenti nullam porttitor lacus at turpis donec,$130.51
988,Pail For Lid 1537,rutrum nulla nunc purus phasellus in felis,$112.64
989,Lettuce - Belgian Endive,mattis odio donec vitae nisi nam ultrices libero non mattis pulvinar nulla pede,$157.01
990,Bread - Italian Corn Meal Poly,sit amet consectetuer adipiscing elit proin risus,$71.81
991,Duck - Whole,dui vel sem sed sagittis nam,$98.66
992,Halibut - Steaks,molestie sed justo pellentesque viverra pede ac diam cras pellentesque,$37.13
993,"Tray - Foam, Square 4 - S",proin risus praesent lectus vestibulum quam sapien varius ut blandit non interdum in,$13.93
994,Buttons,at vulputate vitae nisl aenean lectus pellentesque eget nunc donec quis orci,$19.48
995,Bread - Burger,tempor convallis nulla neque libero convallis eget eleifend luctus ultricies eu nibh quisque id justo,$18.64
996,Plate Foam Laminated 9in Blk,convallis nulla neque libero convallis eget eleifend luctus ultricies eu nibh quisque id,$70.58
997,Cheese - Perron Cheddar,in sagittis dui vel nisl duis ac nibh,$115.85
998,White Fish - Filets,nisi eu orci mauris lacinia sapien quis libero nullam sit,$176.41
999,Schnappes Peppermint - Walker,nibh in hac habitasse platea dictumst aliquam augue,$195.29
1000,Trout - Smoked,aenean lectus pellentesque eget nunc donec quis orci eget orci,$62.66
